keyword,title,price,sales,desc,tags,shop_name,shop_url,image_url,category,yearly_sales,monthly_dist,fulfillment_rate,listing_date,review_count,shop_age,return_rate,brand
%CD%B6%B9%E2%B5%C6_page1,跨境三块太阳能板LED户外照明投光灯大容量长续航带挂钩工作灯,58.5,,,退货包运费|先采后付|回头率59%,宁海县黑森林电子科技有限公司,http://shiyun1972.1688.com,https://cbu01.alicdn.com/img/ibank/O1CN01ioxLFZ202n9IuERh5_!!970776792-0-cib.jpg_460x460q100.jpg_.webp,灯饰照明 > 室外照明灯具 > 太阳能灯,96件（1笔）,100以内,42%,2025-07-04（357天）,,18年,59%,
%CD%B6%B9%E2%B5%C6_page1,亚明led投光灯户外防水探照灯工地庭院厂房照明灯工程超亮投射灯,361900,,近90天低价,1件起购|退货包运费|先采后付,佛山市伍羊照明有限公司,http://shop8u5k785017lc4.1688.com,https://cbu01.alicdn.com/img/ibank/O1CN01iCXAmR1plFpian92S_!!2217707045400-0-cib.jpg_460x460q100.jpg_.webp,灯饰照明 > 室外照明灯具 > 投光灯,1467件（353笔）,100以内,97%,2024-04-06（811天）,,3年,,
%CD%B6%B9%E2%B5%C6_page1,超亮led投光灯探照灯强光户外大功率室外球场专用工地射灯照明,23,,探照灯榜第15名,1件起购|退货包运费|后天达,中山市格乐照明有限公司,http://shop80c637971ge42.1688.com,https://cbu01.alicdn.com/img/ibank/O1CN01xhvlTb2GbAltLKMXr_!!2215954079033-0-cib.jpg_460x460q100.jpg_.webp,灯饰照明 > 室外照明灯具 > 投光灯,686件（128笔）,100以内,93%,2025-12-04（204天）,,4年,,
%CD%B6%B9%E2%B5%C6_page1,新款跨境太阳能照明灯户外花园庭院灯防水新农村家用太阳能投光灯,13.52400,,功能上新 感应亮灯省电,1件起购|退货包运费|先采后付,中山市硕盟照明有限公司,http://shop4603r116iw564.1688.com,https://cbu01.alicdn.com/img/ibank/O1CN01WiRxFs1QOwCipjLjg_!!2222456991967-0-cib.jpg_460x460q100.jpg_.webp,灯饰照明 > 室外照明灯具 > 太阳能灯,13件（7笔）,100以内,95%,2026-05-25（32天）,,1年,,
%CD%B6%B9%E2%B5%C6_page1,亚明5050led高亮度投光灯探照灯户外射灯600W塔吊灯大范围照明灯,64,,,1件起购|退货包运费|后天达,佛山市南海区万彩星照明厂,http://shop8o999f2225654.1688.com?tracelog=p4p,https://cbu01.alicdn.com/img/ibank/O1CN01umvyhQ1KqWIVbrh54_!!2212886521215-0-cib.jpg_460x460q100.jpg_.webp,灯饰照明 > 室外照明灯具 > 投光灯,64件（17笔）,100以内,96%,2025-03-25（458天）,,5年,,
%CD%B6%B9%E2%B5%C6_page1,投光灯ETL泛光灯50W户外IP65球场道路工地建筑探照投射灯300W跨境,6850,,当月上新,退货包运费|回头率84%,深圳市子迅诚科技有限公司,http://ledshop.1688.com,https://cbu01.alicdn.com/img/ibank/O1CN01IanFLN1nmVkteh5Rk_!!2222169575132-0-cib.jpg_460x460q100.jpg_.webp,灯饰照明 > 室外照明灯具 > 投光灯,-,100以内,100%,2026-06-03（23天）,,1年,84%,
%CD%B6%B9%E2%B5%C6_page1,led投光灯户外庭院小苹果防水广告灯广场球场探照工地超亮泛光灯,17.51,,,退货包运费|先采后付|回头率52%,中山市帝球照明科技有限公司,http://diqiuled.1688.com?tracelog=p4p,https://cbu01.alicdn.com/img/ibank/O1CN011fmYGu1ph8Kz6L8EY_!!1908335391-0-cib.jpg_460x460q100.jpg_.webp,灯饰照明 > 室外照明灯具 > 投光灯,11607件（256笔）,100以内,82%,2023-08-06（1055天）,,12年,52%,
%CD%B6%B9%E2%B5%C6_page1,亚明cob投光灯工业车间探照广告牌射灯篮球场超亮户外防水泛光灯,6690,,,1件起购|退货包运费|3天达,佛山市辉荣明照明有限公司,http://shop0587838190ea7.1688.com?tracelog=p4p,https://cbu01.alicdn.com/img/ibank/O1CN01nAOFqH1tgSBUFcKIF_!!2217071905931-0-cib.jpg_460x460q100.jpg_.webp,灯饰照明 > 室外照明灯具 > 投光灯,88件（22笔）,100以内,99%,2024-01-03（905天）,,3年,,
%CD%B6%B9%E2%B5%C6_page1,跨境新款牧田插口高亮户外工地投光灯移动便携式调光带警示工作灯,69,,,1件起购|退货包运费|先采后付,宁海县黑森林电子科技有限公司,http://shiyun1972.1688.com,https://cbu01.alicdn.com/img/ibank/O1CN01LPZgoR202n9UDkPD5_!!970776792-0-cib.jpg_460x460q100.jpg_.webp,灯饰照明 > 室外照明灯具 > 投光灯,84件（3笔）,100以内,42%,2025-07-13（348天）,,18年,,
%CD%B6%B9%E2%B5%C6_page1,led投光灯小苹果超薄防水泛光灯100w超亮户外庭院灯广告牌投射灯,32.6620,,功能上新 三安灯珠持久亮,退货包运费|先采后付|回头率52%,中山市帝球照明科技有限公司,http://diqiuled.1688.com?tracelog=p4p,https://cbu01.alicdn.com/img/ibank/O1CN01qi1ast1ph8L2u7YRJ_!!1908335391-0-cib.jpg_460x460q100.jpg_.webp,灯饰照明 > 室外照明灯具 > 投光灯,-,100以内,82%,2026-06-15（11天）,,12年,52%,
%CD%B6%B9%E2%B5%C6_page1,亚明LED投光灯招牌照明户外强光工地车间防水射灯室外球场照明灯,25700,,,1件起购|退货包运费|后天达,佛山市龙光照明有限公司,http://shop096d189d84532.1688.com?tracelog=p4p,https://cbu01.alicdn.com/img/ibank/O1CN01vV7MdD1MpissxNiON_!!2220904201484-0-cib.jpg_460x460q100.jpg_.webp,灯饰照明 > 室外照明灯具 > 投光灯,724件（143笔）,100以内,99%,2025-10-16（253天）,,1年,,
%CD%B6%B9%E2%B5%C6_page1,亚明投光灯led防水射灯100w广场照明灯户外高流明球场灯黑金刚,34.3200,,分享再减10元,退货包运费|后天达|先采后付,广州格乐灯具有限公司,http://shanghaiyaming.1688.com?tracelog=p4p,https://cbu01.alicdn.com/img/ibank/O1CN018L3asW1GgCwXiHcTq_!!2207323290651-0-cib.jpg_460x460q100.jpg_.webp,灯饰照明 > 室外照明灯具 > 投光灯,255件（16笔）,100以内,82%,2022-06-01（1486天）,,7年,,
%CD%B6%B9%E2%B5%C6_page1,led户外防水投光灯小苹果投光灯隧道灯投射灯led泛光灯高亮泛光灯,13,,,1件起购|退货包运费|先采后付,中山市金界照明有限公司,http://shop77g442x05u264.1688.com?tracelog=p4p,https://cbu01.alicdn.com/img/ibank/O1CN015QAtjE1sUG3B4cpDP_!!2222559945769-0-cib.jpg_460x460q100.jpg_.webp,灯饰照明 > 室外照明灯具 > 投光灯,-,100以内,-,2026-06-14（12天）,,1年,,
%CD%B6%B9%E2%B5%C6_page1,亚明LED投光灯户外防水泛光灯工程车间厂房射灯100w广告牌照明灯,40,,分享再减10元｜全网低价｜比下游同款低55%,1件起购|退货包运费|先采后付,广州格乐灯具有限公司,http://shanghaiyaming.1688.com?tracelog=p4p,https://cbu01.alicdn.com/img/ibank/O1CN011vZYdX1GgCwXAFBdh_!!2207323290651-0-cib.jpg_460x460q100.jpg_.webp,灯饰照明 > 室外照明灯具 > 投光灯,325件（56笔）,100以内,82%,2021-01-05（1998天）,,7年,,
%CD%B6%B9%E2%B5%C6_page1,亚明led投光灯户外超亮工程厂房强光防水射灯室外庭院照明灯,223200,,"8人评价""亮度可以""",1件起购|退货包运费|先采后付,佛山市恒永盈照明有限公司,http://shop27f824k442411.1688.com,https://cbu01.alicdn.com/img/ibank/O1CN015BAPQC1e9jevNexwt_!!2217766853829-0-cib.jpg_460x460q100.jpg_.webp,灯饰照明 > 室外照明灯具 > 投光灯,3656件（772笔）,100以内,98%,2024-04-22（795天）,,3年,,
%CD%B6%B9%E2%B5%C6_page1,新款太阳能灯智能太阳能照明灯天黑自动亮室内外太阳能庭院投光灯,26.7,,,1件起购|退货包运费|先采后付,中山市简映照明有限公司,http://shop16528c5455dr4.1688.com?tracelog=p4p,https://cbu01.alicdn.com/img/ibank/O1CN01XSRmCk1JnU7kYAee6_!!2219666911073-0-cib.jpg_460x460q100.jpg_.webp,灯饰照明 > 室外照明灯具 > 投光灯,-,100以内,100%,2026-06-13（13天）,,2年,,
%CD%B6%B9%E2%B5%C6_page1,亚明防眩晕投光灯户外防水不刺眼LED篮球场操场照明灯大功率射灯,4610,,,1件起购|退货包运费|后天达,佛山市霆辉照明有限公司,http://shop461e686e98484.1688.com?tracelog=p4p,https://cbu01.alicdn.com/img/ibank/O1CN01iT4NdX24KtJNRvqwc_!!2218371127373-0-cib.jpg_460x460q100.jpg_.webp,灯饰照明 > 室外照明灯具 > 投光灯,28件（5笔）,100以内,98%,2024-12-16（557天）,,2年,,
%CD%B6%B9%E2%B5%C6_page1,工厂直营亚标LED投光灯IP66户外防水铝材广告牌庭院灯泛光灯,25.991,,,1件起购|退货包运费|明天达,常州锦烛照明电器有限公司,http://shop230i420n08i71.1688.com?tracelog=p4p,https://cbu01.alicdn.com/img/ibank/O1CN01SFHIUF2I4lzY1C8TK_!!2212119459233-0-cib.jpg_460x460q100.jpg_.webp,灯饰照明 > 室外照明灯具 > 投光灯,13693件（645笔）,100以内,95%,2023-11-10（959天）,,5年,,
%CD%B6%B9%E2%B5%C6_page1,led150灯射灯展馆聚光灯会展车展灯光展会照明灯具专用灯投光灯,80100,,,1件起购|退货包运费|先采后付,中山市展之亮照明有限公司,http://shop47348627k1691.1688.com?tracelog=p4p,https://cbu01.alicdn.com/img/ibank/O1CN01rTKcK928wgO9y1zk8_!!2218488887997-0-cib.jpg_460x460q100.jpg_.webp,灯饰照明 > 室外照明灯具 > 泛光灯,120件（2笔）,100以内,100%,2024-08-29（666天）,,2年,,
%CD%B6%B9%E2%B5%C6_page1,投射灯射树灯照树灯投光灯景观射灯户外防水投光灯插地灯草坪灯,23.89,,,1件起购|退货包运费|先采后付,中山市丽盟照明科技有限公司,http://shop5774867l29nf6.1688.com?tracelog=p4p,https://cbu01.alicdn.com/img/ibank/O1CN01MeEFOV1emfA3mkOAE_!!2217908503914-0-cib.jpg_460x460q100.jpg_.webp,灯饰照明 > 室外照明灯具 > 投光灯,118件（20笔）,100以内,91%,2024-05-27（760天）,,3年,,
%CD%B6%B9%E2%B5%C6_page1,FSL佛山照明LED足功率户外射灯仓库工地强光泛光灯投光灯,39.5,,,1件起购|退货包运费|后天达,广州森仟贸易有限公司,http://fslgzsq.1688.com?tracelog=p4p,https://cbu01.alicdn.com/img/ibank/O1CN01GgLr151GXVMnX42wj_!!3077000632-0-cib.jpg_460x460q100.jpg_.webp,灯饰照明 > 室外照明灯具 > 投光灯,320件（107笔）,100以内,100%,2025-05-05（417天）,,3年,,佛山照明
%CD%B6%B9%E2%B5%C6_page1,上海亚明led工矿灯厂房灯鳍片工厂仓库车间照明灯200w工业吊灯罩,45.8,,,1件起购|退货包运费|明天达,新北区三井明括灯饰销售经营部,http://shop645v7s5027504.1688.com?tracelog=p4p,https://cbu01.alicdn.com/img/ibank/O1CN0175gziF1GWaeV4EP4a_!!2219022560630-0-cib.jpg_460x460q100.jpg_.webp,灯饰照明 > 专门用途灯具 > 工矿灯,4995件（356笔）,100以内,89%,2024-12-03（570天）,,2年,,
%CD%B6%B9%E2%B5%C6_page1,明华亚明LED投光灯400W户外防水超亮纳米射灯厂房照明1000W投光灯,281000,,,1件起购|退货包运费|先采后付,临沂芳华照明电器有限公司,http://shop500x867v29177.1688.com?tracelog=p4p,https://cbu01.alicdn.com/img/ibank/O1CN01Aa3NFw2MsvqixsLbn_!!2216816499884-0-cib.jpg_460x460q100.jpg_.webp,灯饰照明 > 室外照明灯具 > 投光灯,961件（88笔）,100以内,100%,2024-03-26（822天）,,3年,,
%CD%B6%B9%E2%B5%C6_page1,亚明led7070投光灯射灯强光球场体育馆厂房广告投射灯泛光灯,18,,元宝可抵5%,1件起购|退货包运费|先采后付,中山市柒派光电科技有限公司,http://shop04b88r5w98837.1688.com?tracelog=p4p,https://cbu01.alicdn.com/img/ibank/O1CN01l3Knny2IzZ5rmTFUX_!!2216021999357-0-cib.jpg_460x460q100.jpg_.webp,灯饰照明 > 室外照明灯具 > 投光灯,2449件（122笔）,100以内,96%,2023-07-02（1090天）,,3年,,
%CD%B6%B9%E2%B5%C6_page1,投光灯led泛光灯工地工厂超亮户外防水照明灯室外球场庭院投射灯,43,,材质上新 铝制高导热外壳,1件起购|退货包运费|先采后付,中山市华升照明有限公司,http://shop11pp360082775.1688.com?tracelog=p4p,https://cbu01.alicdn.com/img/ibank/O1CN01Pu9mI22E0sBi7g1a6_!!2222499998683-0-cib.jpg_460x460q100.jpg_.webp,灯饰照明 > 室外照明灯具 > 投光灯,1件（1笔）,100以内,100%,2026-05-28（29天）,,1年,,
%CD%B6%B9%E2%B5%C6_page1,led投光灯100w150W200W广告招牌泛光灯户外防水照明大功率投光灯,48200,,,退货包运费|先采后付|回头率57%,中山市欣晖达照明有限公司,http://zsjszmled.1688.com?tracelog=p4p,https://cbu01.alicdn.com/img/ibank/O1CN01OYmuIQ1D7Rp5ZcHFU_!!3323440169-0-cib.jpg_460x460q100.jpg_.webp,灯饰照明 > 室外照明灯具 > 投光灯,221件（19笔）,100以内,100%,2017-12-24（3106天）,,9年,57%,
%CD%B6%B9%E2%B5%C6_page1,户外灯led投光灯户外照明灯10W~300W多种瓦数泛光灯小苹果投光灯,10.9,,,1件起购|退货包运费|先采后付,中山市鑫星亮照明有限公司,http://shop27mr873r26470.1688.com?tracelog=p4p,https://cbu01.alicdn.com/img/ibank/O1CN01HSmlGg1VNAhHfnxvP_!!2220492112640-0-cib.jpg_460x460q100.jpg_.webp,灯饰照明 > 室外照明灯具 > 投光灯,-,100以内,100%,2025-08-16（314天）,,1年,,
%CD%B6%B9%E2%B5%C6_page1,LED投光灯低压船用直流电瓶12V24V36V100W电瓶射灯户外防水,14300,,近88天低价｜商机组货：大面积户外照明灯,1件起购|退货包运费|后天达,佛山妙普照明有限公司,http://shop0j649322941p9.1688.com,https://cbu01.alicdn.com/img/ibank/O1CN01OiJ0vZ2Id7hJ2wPl9_!!2219120199308-0-cib.jpg_460x460q100.jpg_.webp,灯饰照明 > 室外照明灯具 > 投光灯,343件（96笔）,100以内,98%,2025-03-12（471天）,,2年,,
%CD%B6%B9%E2%B5%C6_page1,足瓦cob投光灯led户外防水工地球场隧道探照射灯工程专用照明灯,59,,近66天低价,1件起购|退货包运费|明天达,常州希本光语照明科技有限公司,http://shop32s774v576990.1688.com?tracelog=p4p,https://cbu01.alicdn.com/img/ibank/O1CN01jEnpU92IuzALyQJy4_!!2212485539347-0-cib.jpg_460x460q100.jpg_.webp,灯饰照明 > 室外照明灯具 > 投光灯,481件（79笔）,100以内,99%,2021-12-30（1639天）,,5年,,
%CD%B6%B9%E2%B5%C6_page1,太阳能露营灯充电投光灯户外便携野营灯家用移动手提式应急照明灯,19.9,,元宝可抵1%,1件起购|退货包运费|先采后付,中山市中锦照明科技有限公司,http://shop0n11m568206b0.1688.com?tracelog=p4p,https://cbu01.alicdn.com/img/ibank/O1CN01VA1x8c21bQjZl4KSO_!!2210972777003-0-cib.jpg_460x460q100.jpg_.webp,灯饰照明 > 室外照明灯具 > 太阳能灯,321件（176笔）,100以内,93%,2025-08-22（308天）,,6年,,
%CD%B6%B9%E2%B5%C6_page1,户外防水led投光灯节能强光亚明工地厂房车间门头探照户外照明灯,25.9,,"6人评价""客服态度好""",退货包运费|后天达|先采后付,常州融创节能照明科技有限公司,http://shop2909gqg927838.1688.com,https://cbu01.alicdn.com/img/ibank/O1CN01weqiXw1q5PEHJLycI_!!2219464575444-0-cib.jpg_460x460q100.jpg_.webp,灯饰照明 > 室外照明灯具 > 投光灯,778件（164笔）,100以内,100%,2025-04-06（446天）,,2年,,
%CD%B6%B9%E2%B5%C6_page1,亚明户外投光灯室外防水大功率车间厂房工地led照明泛光灯,31,,"6人评价""质量很好""",1件起购|退货包运费|后天达,佛山明阳照明有限责任公司,http://shop66031102l6055.1688.com,https://cbu01.alicdn.com/img/ibank/O1CN01jk6evg1GG6O0ayjp2_!!2216402200594-0-cib.jpg_460x460q100.jpg_.webp,灯饰照明 > 室外照明灯具 > 投光灯,399件（28笔）,100以内,98%,2023-08-17（1044天）,,3年,,
%CD%B6%B9%E2%B5%C6_page1,亚明LED投光灯防水施工室外射灯高亮工地探照灯工厂房车间照明灯,122400,,,1件起购|退货包运费|后天达,佛山明阳照明有限责任公司,http://shop66031102l6055.1688.com,https://cbu01.alicdn.com/img/ibank/O1CN019gKAOD1GG6NRO9vAu_!!2216402200594-0-cib.jpg_460x460q100.jpg_.webp,灯饰照明 > 室外照明灯具 > 投光灯,2628件（556笔）,100以内,98%,2023-11-08（961天）,,3年,,
%CD%B6%B9%E2%B5%C6_page1,跨境超薄小苹果投光灯100W户外照明200W工程亮化可调光防水投射灯,1510,,,1件起购|退货包运费|先采后付,中山市杰荣灯饰有限公司,http://shop6348q1v105086.1688.com?tracelog=p4p,https://cbu01.alicdn.com/img/ibank/O1CN01wyWFhS1RM1IfoNdvU_!!2222543752096-0-cib.jpg_460x460q100.jpg_.webp,灯饰照明 > 室外照明灯具 > 投光灯,-,100以内,91%,2026-06-11（15天）,,1年,,
%CD%B6%B9%E2%B5%C6_page1,太阳能灯家用户外庭院灯新农村光伏路灯led大功率投光灯超亮防水,11.18,,分享再减14元,1件起购|退货包运费|先采后付,中山市旭宇照明有限公司,http://xuanyu888.1688.com?tracelog=p4p,https://cbu01.alicdn.com/img/ibank/O1CN01LU3qKd1zKow0ly2Op_!!2208302886696-0-cib.jpg_460x460q100.jpg_.webp,灯饰照明 > 室外照明灯具 > 太阳能灯,42060件（1515笔）,100以内,95%,2020-06-15（2202天）,,7年,,
%CD%B6%B9%E2%B5%C6_page1,户外防水投光灯Led模组隧道灯球场广场高杆投光灯大功率照明灯,61.1200,,元宝可抵1%,1件起购|退货包运费|先采后付,旭泉照明科技(常州)有限公司,http://shop95365l8s39l35.1688.com?tracelog=p4p,https://cbu01.alicdn.com/img/ibank/O1CN01f4vUXI1Qo7zI8ivOa_!!2220557752022-0-cib.jpg_460x460q100.jpg_.webp,灯饰照明 > 室外照明灯具 > 投光灯,-,100以内,60%,2026-04-24（63天）,,1年,,
%CD%B6%B9%E2%B5%C6_page1,产地货源户外超亮投光灯工程款防水泛光灯大功率led太阳能投光灯,232.7580,,元宝可抵1%,1件起购|退货包运费|先采后付,中山市修本照明有限公司,http://yskled.1688.com?tracelog=p4p,https://cbu01.alicdn.com/img/ibank/O1CN01dQaUZo1DJMGBrWsi2_!!992290195-0-cib.jpg_460x460q100.jpg_.webp,灯饰照明 > 室外照明灯具 > 太阳能灯,146件（61笔）,100以内,98%,2024-10-16（618天）,,16年,,
%CD%B6%B9%E2%B5%C6_page1,led照树灯景观射灯带帽檐投光灯插地灯射树灯户外防水cob投射灯,172000,,,1件起购|退货包运费|先采后付,中山市锦创照明科技有限公司,http://shop9225434768447.1688.com?tracelog=p4p,https://cbu01.alicdn.com/img/ibank/O1CN01IDssCN1kVc5O5iism_!!2215551944689-0-cib.jpg_460x460q100.jpg_.webp,灯饰照明 > 室外照明灯具 > 投光灯,2018件（140笔）,100以内,94%,2024-03-13（835天）,,4年,,
%CD%B6%B9%E2%B5%C6_page1,亚明照明3030投光灯户外防水泛光灯300W50W广告牌球场工地led射灯,21.19,,元宝可抵5%,1件起购|退货包运费|先采后付,山东金世达光电科技有限公司,http://shop9234y66c06288.1688.com,https://cbu01.alicdn.com/img/ibank/O1CN01IUvXpC2KrRLCVXzvw_!!2218934409610-0-cib.jpg_460x460q100.jpg_.webp,灯饰照明 > 室外照明灯具 > 投光灯,2092件（115笔）,100以内,100%,2025-02-24（487天）,,2年,,
%CD%B6%B9%E2%B5%C6_page1,大功率led投光灯篮球场探照射灯足球场照明专用灯户外防水球场灯,68,,当月上新,1件起购|退货包运费|先采后付,中山市启轩照明有限公司,http://shop366t7761m4070.1688.com?tracelog=p4p,https://cbu01.alicdn.com/img/ibank/O1CN01GZeQjs1zkvmEi0n0h_!!2214269426753-0-cib.jpg_460x460q100.jpg_.webp,灯饰照明 > 室外照明灯具 > 投光灯,-,100以内,95%,2026-06-04（22天）,,4年,,
%CD%B6%B9%E2%B5%C6_page1,LED蚂蚁投光灯220V夜市防水泛光灯led射灯50W 100W 200W 400W,32600,,,1件起购|退货包运费|先采后付,中山市普达智光照明有限公司,http://pudazhiguang.1688.com?tracelog=p4p,https://cbu01.alicdn.com/img/ibank/O1CN01a0Rxr021iIjJ9ovH7_!!966347018-0-cib.jpg_460x460q100.jpg_.webp,灯饰照明 > 室外照明灯具 > 投光灯,879件（71笔）,100以内,78%,2024-04-13（804天）,,16年,,
%CD%B6%B9%E2%B5%C6_page1,大功率手提投光灯户外移动充电泛光灯地摊便携工程应急照明工作灯,423400,,元宝可抵3%｜近90天低价,1件起购|退货包运费|明天达,宁海战狼电器有限公司,http://fightingwolf.1688.com?tracelog=p4p,https://cbu01.alicdn.com/img/ibank/O1CN01Qzo0DG1O2prWu41RR_!!1881071648-0-cib.jpg_460x460q100.jpg_.webp,灯饰照明 > 室外照明灯具 > 投光灯,4779件（114笔）,100以内,96%,2015-10-06（3916天）,,13年,,
%CD%B6%B9%E2%B5%C6_page1,足瓦亚明小苹果投光灯户外防水投光灯户外防工程照明泛光灯 300w1,232900,,元宝可抵1%,1件起购|退货包运费|明天达,钟楼区邹区丰耀灯具厂,http://zqfydjc.1688.com,https://cbu01.alicdn.com/img/ibank/O1CN01QHZ4Bz2B6sWQjUKNP_!!2217585598290-0-cib.jpg_460x460q100.jpg_.webp,灯饰照明 > 室外照明灯具 > 投光灯,2438件（65笔）,100以内,100%,2025-09-12（287天）,,3年,,
%CD%B6%B9%E2%B5%C6_page1,FSL户外防水泛光灯 广告投光灯仓库照明泛光灯荣耀系列 量大批发,63100,,近90天低价,1件起购|退货包运费|后天达,莆田市四海工贸有限公司,http://shop1414773870908.1688.com,https://cbu01.alicdn.com/img/ibank/O1CN01pEvPfV1paiirI0Z4M_!!2298045377-0-cib.jpg_460x460q100.jpg_.webp,灯饰照明 > 室外照明灯具 > 投光灯,186件（27笔）,100以内,99%,2020-05-15（2233天）,,9年,,FSL
%CD%B6%B9%E2%B5%C6_page1,led调光模组隧道灯户外防水球场灯仓库车间照明灯投光灯,76.00,,输入电压:220｜功率:100｜供电方式:插座供电,先采后付|48H发货|近期多人加购,中山市月神照明灯饰有限公司,https://hxzmled.1688.com,https://cbu01.alicdn.com/img/ibank/O1CN01A8NnAo1yQwsqQfovp_!!979236574-0-cib.jpg_460x460q100.jpg_.webp,,,,,,,,,
%CD%B6%B9%E2%B5%C6_page1,led投光灯小苹果LED户外灯具水泛光灯高亮投射灯100W 石墨烯 跨境,4.30,,供电方式:插座供电｜颜色:黑色｜发光角度:120,先采后付|热搜商品|40+人已收藏,中山市晟拓照明科技有限公司,https://shop100m650883r56.1688.com,https://cbu01.alicdn.com/img/ibank/O1CN018YKSrx1G4C2rwjXiS_!!2219561500568-0-cib.jpg_460x460q100.jpg_.webp,,,,,,,,,
%CD%B6%B9%E2%B5%C6_page1,led七彩照树灯户外防水景观灯工程插地射树灯RGB彩色大功率18w3w,9.82,成交2.7万+元,品牌:飞阳｜主要销售地区:欧洲等｜灯珠品牌:欧司朗,先采后付|50+人已加购,中山市小榄镇飞阳五金加工厂,https://feyang.1688.com,https://cbu01.alicdn.com/img/ibank/O1CN013SAqUL1LVHBmek9tw_!!2211033711304-0-cib.jpg_460x460q100.jpg_.webp,,,,,,,,,
%CD%B6%B9%E2%B5%C6_page10,跨境led投光灯户外照明透镜蚂蚁泛光灯厂房工地灯防水广告招牌灯,12.44300,,,退货包运费|先采后付|回头率52%,中山市帝球照明科技有限公司,http://diqiuled.1688.com?tracelog=p4p,https://cbu01.alicdn.com/img/ibank/O1CN01xfRVPK1ph8Kx8NtiA_!!1908335391-0-cib.jpg_460x460q100.jpg_.webp,灯饰照明 > 室外照明灯具 > 投光灯,340件（14笔）,100以内,82%,2024-11-08（595天）,,12年,52%,
%CD%B6%B9%E2%B5%C6_page10,刀锋投光灯LED户外球场照明灯大功率投射灯高流明超亮透镜泛光灯,18.9,,,退货包运费|先采后付|回头率44%,中山市酷虎照明有限公司,http://shop115h815777694.1688.com?tracelog=p4p,https://cbu01.alicdn.com/img/ibank/O1CN010LplzR1wFq2FFOR3g_!!2212404266279-0-cib.jpg_460x460q100.jpg_.webp,灯饰照明 > 室外照明灯具 > 泛光灯,-,100以内,62%,2026-05-04（53天）,,5年,44%,
%CD%B6%B9%E2%B5%C6_page10,工厂直销LED投光灯户外防水超亮大功率泛光灯室外照明工地探照灯,353000,,功能上新 铝壳散热高效,1件起购|退货包运费|先采后付,临沂布洛克光电科技有限公司,http://shop70585lc914111.1688.com,https://cbu01.alicdn.com/img/ibank/O1CN01UXUUmH1yHKYttnr1B_!!2220373906553-0-cib.jpg_460x460q100.jpg_.webp,灯饰照明 > 室外照明灯具 > 投光灯,3件（2笔）,100以内,97%,2026-05-25（32天）,,1年,,
%CD%B6%B9%E2%B5%C6_page10,厂家LED投光灯300w600w800w广场路灯户外超亮防水led模组泛光灯,970,,,1件起购|退货包运费|先采后付,深圳市雷普斯照明电器有限公司,http://leipushi01.1688.com?tracelog=p4p,https://cbu01.alicdn.com/img/ibank/O1CN01TufW332E5uPkhaDok_!!1001248694-0-cib.jpg_460x460q100.jpg_.webp,灯饰照明 > 室外照明灯具 > 泛光灯,-,100以内,60%,2024-12-12（561天）,,15年,,
%CD%B6%B9%E2%B5%C6_page10,跨境新款太阳能灯投光灯LED户外灯家用庭院灯新农村超亮防水路灯,14.5,,元宝可抵1%｜近49天低价｜商机组货：庭院太阳能氛围灯,1件起购|退货包运费|先采后付,中山市星承照明有限公司,http://shop669o321144f05.1688.com,https://cbu01.alicdn.com/img/ibank/O1CN01eMUEAT1j20whKldXM_!!2218846094489-0-cib.jpg_460x460q100.jpg_.webp,灯饰照明 > 室外照明灯具 > 太阳能灯,2703件（946笔）,100以内,85%,2024-11-04（599天）,,2年,,
%CD%B6%B9%E2%B5%C6_page10,热卖跨境LED投光灯蚂蚁射灯100W户外防水工地泛光灯球场照明灯,2640,,,1件起购|退货包运费|先采后付,中山市亿格照明工程有限公司,http://shop51353r3161d36.1688.com,https://cbu01.alicdn.com/img/ibank/O1CN01UrpgVL1IgKI7J9sm1_!!2220116140922-0-cib.jpg_460x460q100.jpg_.webp,灯饰照明 > 室外照明灯具 > 投光灯,7件（7笔）,100以内,100%,2026-01-19（158天）,,2年,,
%CD%B6%B9%E2%B5%C6_page10,LED投光灯铝鳍片1000W球场灯TP65码头广场高杆灯角度30°60°90°,39530,,成分上新 飞利浦灯珠更亮,1件起购|退货包运费|先采后付,江门市华启照明科技有限公司,http://18029669565.1688.com,https://cbu01.alicdn.com/img/ibank/O1CN01qU8vsV2FMgejNWAt1_!!2217681628866-0-cib.jpg_460x460q100.jpg_.webp,灯饰照明 > 室外照明灯具 > 投光灯,18件（16笔）,100以内,100%,2026-04-27（60天）,,3年,,
%CD%B6%B9%E2%B5%C6_page10,LED压铸铝蚂蚁投光灯广告牌射灯球场球馆高棚泛光灯码头探照灯,1260,,,退货包运费|先采后付|回头率33%,中山市晟拓照明科技有限公司,http://shop100m650883r56.1688.com?tracelog=p4p,https://cbu01.alicdn.com/img/ibank/O1CN01aR40KS1G4C0eHg5BS_!!2219561500568-0-cib.jpg_460x460q100.jpg_.webp,灯饰照明 > 室外照明灯具 > 投光灯,63件（3笔）,100以内,50%,2025-03-28（455天）,,2年,33%,
%CD%B6%B9%E2%B5%C6_page10,太阳能照明灯家用户外灯庭院灯超亮农村防水路灯天黑自动亮投光灯,11.23800,,功能上新 天黑自动亮,1件起购|退货包运费|先采后付,中山市森翰照明有限公司,http://shop9z181f67f5169.1688.com,https://cbu01.alicdn.com/img/ibank/O1CN01SwEKm82EQygIQgEot_!!3294928740.png_460x460q100.jpg_.webp,灯饰照明 > 室外照明灯具 > 太阳能灯,47件（4笔）,100以内,87%,2026-05-16（41天）,,2年,,
%CD%B6%B9%E2%B5%C6_page10,跨境定制LED泛光灯200W球场灯厂房户外广告大功率方形超薄投光灯,95,,分享再减10元,退货包运费|先采后付,东莞市昕洋照明科技有限公司,http://dgxyzm.1688.com?tracelog=p4p,https://cbu01.alicdn.com/img/ibank/O1CN01Rhh4lZ1Q2x0cluJQ2_!!2206538461919-0-cib.jpg_460x460q100.jpg_.webp,灯饰照明 > 室外照明灯具 > 投光灯,-,100以内,0%,2019-11-12（2418天）,,7年,,
%CD%B6%B9%E2%B5%C6_page10,跨境LED市电手提工作灯移动便携夜市地摊灯户外露营野营灯投光灯,38.8100,,,退货包运费|先采后付|回头率52%,中山市帝球照明科技有限公司,http://diqiuled.1688.com?tracelog=p4p,https://cbu01.alicdn.com/img/ibank/O1CN01ZkIqeK1ph8L4lgcrX_!!1908335391-0-cib.jpg_460x460q100.jpg_.webp,灯饰照明 > 室外照明灯具 > 投光灯,138件（25笔）,100以内,82%,2025-08-12（318天）,,12年,52%,
%CD%B6%B9%E2%B5%C6_page10,新款太阳能户外灯庭院灯LED照明灯超亮大功率家用室外投光灯路灯,79,,商机组货：太阳能庭院灯,1件起购|退货包运费|先采后付,中山市昊霆之光照明有限公司,http://shop57564710b55t5.1688.com,https://cbu01.alicdn.com/img/ibank/O1CN01C8Cy061CWLzPwchrO_!!2216969030088-0-cib.jpg_460x460q100.jpg_.webp,灯饰照明 > 室外照明灯具 > 太阳能灯,4585件（2629笔）,100以内,98%,2024-11-30（573天）,,3年,,
%CD%B6%B9%E2%B5%C6_page10,LED户外篮球场专用灯高光球场照明灯道路隧道涵洞投光灯飞曜系列,16020,,,退货包运费|回头率80%,中山志鸣照明科技有限公司,http://shop820b7120552d3.1688.com?tracelog=p4p,https://cbu01.alicdn.com/img/ibank/O1CN019xFATk1eKGlsbClMg_!!2221335063852-0-cib.jpg_460x460q100.jpg_.webp,灯饰照明 > 室外照明灯具 > 投光灯,7件（6笔）,100以内,100%,2026-03-06（112天）,,1年,80%,
%CD%B6%B9%E2%B5%C6_page10,太阳能照明灯爆亮正品庭院灯天黑自动亮投光灯家用户外灯防水灯,26.5210,,功能上新 光控自动亮灯,1件起购|退货包运费|先采后付,中山市简映照明有限公司,http://shop16528c5455dr4.1688.com,https://cbu01.alicdn.com/img/ibank/O1CN01JjJ6C31JnU7V6NCh5_!!2219666911073-0-cib.jpg_460x460q100.jpg_.webp,灯饰照明 > 室外照明灯具 > 太阳能灯,-,100以内,100%,2026-05-19（38天）,,2年,,
%CD%B6%B9%E2%B5%C6_page10,太阳能灯户外庭院灯太阳能投光灯壁灯太阳能人体感应灯太阳能路灯,12.810,,感应庭院灯榜第2名,1件起购|退货包运费|先采后付,中山市来朝照明有限公司,http://shop1412387d9qq33.1688.com,https://cbu01.alicdn.com/img/ibank/O1CN01nzfplu1G7r8dl6mZH_!!2217778550576-0-cib.jpg_460x460q100.jpg_.webp,灯饰照明 > 室外照明灯具 > 太阳能灯,151137件（1075笔）,100以内,70%,2024-06-18（738天）,,3年,,
%CD%B6%B9%E2%B5%C6_page10,跨境工厂直销户外防水led投光灯亚马逊爆款 SKD 套件,8.6,,,退货包运费|先采后付|回头率55%,江门市锐森照明电器有限公司,http://jmrison.1688.com?tracelog=p4p,https://cbu01.alicdn.com/img/ibank/O1CN01OoFeFZ1fODp4Dgm3Y_!!2222475093996-0-cib.jpg_460x460q100.jpg_.webp,灯饰照明 > 室外照明灯具 > 投光灯,-,100以内,100%,2026-05-30（27天）,,1年,55%,
%CD%B6%B9%E2%B5%C6_page10,led模组隧道灯户外防水高杆球场灯300W500W大功率工程模组投光灯,127,,近40天低价｜投光灯榜第3名,1件起购|退货包运费|先采后付,中山市振亚照明有限公司,http://zhenyazm.1688.com,https://cbu01.alicdn.com/img/ibank/O1CN01Lr0Nma26uGo5ynHo0_!!2214285817721-0-cib.jpg_460x460q100.jpg_.webp,灯饰照明 > 室外照明灯具 > 投光灯,3117件（331笔）,100以内,85%,2022-07-11（1446天）,,4年,,
%CD%B6%B9%E2%B5%C6_page10,一束光射灯led户外防水投光灯酒店外墙罗马柱远程聚光射灯光柱灯,41.6100,,,1件起购|退货包运费|先采后付,中山市户明照明科技有限公司,http://shop73160s6y6m542.1688.com,https://cbu01.alicdn.com/img/ibank/O1CN01nePW0P1fGR41erKpF_!!2220585703979-0-cib.jpg_460x460q100.jpg_.webp,灯饰照明 > 室外照明灯具 > 投光灯,107件（18笔）,100以内,100%,2026-01-23（154天）,,1年,,
%CD%B6%B9%E2%B5%C6_page10,LED碘钨灯工地用照明灯1000W超亮户外防水太阳灯地摊排挡投光灯,6,,分享再减5元,1件起购|退货包运费|先采后付,中山市煌基照明科技有限公司,http://shop39ok979z30233.1688.com,https://cbu01.alicdn.com/img/ibank/O1CN01QRlWRo2McRHuvFT3S_!!2211586679848-0-cib.jpg_460x460q100.jpg_.webp,灯饰照明 > 室外照明灯具 > 投光灯,6771件（3360笔）,100以内,99%,2021-05-12（1871天）,,6年,,
%CD%B6%B9%E2%B5%C6_page10,LED户外网球专用灯高杆模组篮球场匹克球灯防眩偏光透镜网球场灯,17520,,,1件起购|退货包运费|先采后付,广州艾华菲力照明有限公司,http://yuqiulighting.1688.com?tracelog=p4p,https://cbu01.alicdn.com/img/ibank/O1CN01XGQ2zX2C4sKlgfqfn_!!3350568421-0-cib.jpg_460x460q100.jpg_.webp,灯饰照明 > 室外照明灯具 > 投光灯,27件（18笔）,100以内,100%,2025-06-13（378天）,,5年,,
%CD%B6%B9%E2%B5%C6_page10,地摊低压投光灯户外防水电瓶摆摊夜市船用户外灯12-85V直流照明灯,22.91600,,分享再减5元,1件起购|退货包运费|先采后付,中山市煌基照明科技有限公司,http://shop39ok979z30233.1688.com,https://cbu01.alicdn.com/img/ibank/O1CN01Xfi38y2McRRdLWRKw_!!2211586679848-0-cib.jpg_460x460q100.jpg_.webp,灯饰照明 > 室外照明灯具 > 投光灯,1908件（70笔）,100以内,99%,2024-09-09（655天）,,6年,,
%CD%B6%B9%E2%B5%C6_page10,跨境超薄小苹果投光灯100W户外照明投光灯200W工程亮化防水投射灯,20.91,,投射灯榜第2名,1件起购|退货包运费|先采后付,中山市启轩照明有限公司,http://shop366t7761m4070.1688.com,https://cbu01.alicdn.com/img/ibank/O1CN01uK9pkw1zkvlh9WEvo_!!2214269426753-0-cib.jpg_460x460q100.jpg_.webp,灯饰照明 > 室外照明灯具 > 投光灯,13028件（584笔）,100以内,95%,2022-07-07（1450天）,,4年,,
%CD%B6%B9%E2%B5%C6_page10,亚明led塔吊灯2000瓦大功率照明灯建筑工地投光灯户外高亮探照灯,95500,,,1件起购|退货包运费|后天达,佛山明阳照明有限责任公司,http://shop66031102l6055.1688.com?tracelog=p4p,https://cbu01.alicdn.com/img/ibank/O1CN01YLrbif1GG6Nzx4bND_!!2216402200594-0-cib.jpg_460x460q100.jpg_.webp,灯饰照明 > 室外照明灯具 > 探照灯,610件（196笔）,100以内,98%,2024-04-14（803天）,,3年,,
%CD%B6%B9%E2%B5%C6_page10,跨境LED工作灯移动泛光灯支架户外修车探照灯工地照明投光灯,237,,当季上新,1件起购|先采后付,华朗新能源(广东)有限公司,http://hualangxly.1688.com?tracelog=p4p,https://cbu01.alicdn.com/img/ibank/O1CN015nw7ky1MWUGUo2EZ1_!!2222363581442-0-cib.jpg_460x460q100.jpg_.webp,灯饰照明 > 室外照明灯具 > 投光灯,-,100以内,100%,2026-05-05（52天）,,1年,,
%CD%B6%B9%E2%B5%C6_page10,395nm紫外线投光灯365nmUV固化灯荧光Party舞台灯剧场灯led泛光灯,49.886300,,近41天低价｜商机组货：LED泛光灯,1件起购|退货包运费|后天达,中山市鑫科达照明有限公司,http://xinkdled.1688.com,https://cbu01.alicdn.com/img/ibank/23257373800_141316357.jpg_460x460q100.jpg_.webp,灯饰照明 > 室外照明灯具 > 泛光灯,9240件（1156笔）,100以内,96%,2020-11-27（2037天）,,7年,,
%CD%B6%B9%E2%B5%C6_page10,跨境LED投光灯50W 100W户外防水欧规插头超亮泛光灯led投射现货,5.5,,,1件起购|退货包运费|先采后付,中山市美人鱼照明有限公司,http://shop9k485b79e8629.1688.com,https://cbu01.alicdn.com/img/ibank/O1CN017NVWC01itJUoUv5st_!!2217640524470-0-cib.jpg_460x460q100.jpg_.webp,灯饰照明 > 室外照明灯具 > 投光灯,65062件（1881笔）,100以内,96%,2024-03-19（829天）,,3年,,
%CD%B6%B9%E2%B5%C6_page10,led投光灯公园景观户外防水打光射灯方形照树灯灯具装饰灯束光灯,68,,,退货包运费|先采后付|回头率89%,广东省信德尚照明电器有限公司,http://shop42134357280e2.1688.com?tracelog=p4p,https://cbu01.alicdn.com/img/ibank/O1CN01qiXIRQ2M7l23T9fYQ_!!2215735169781-0-cib.jpg_460x460q100.jpg_.webp,灯饰照明 > 室外照明灯具 > 投光灯,-,100以内,100%,2025-12-22（186天）,,4年,89%,
%CD%B6%B9%E2%B5%C6_page10,LED光源户外照树灯防水防锈景观射灯带帽檐投光灯插地景观射树灯,13.8,,,1件起购|退货包运费|先采后付,深圳市福欣迪科技有限公司,http://shop6892a39n43628.1688.com,https://cbu01.alicdn.com/img/ibank/O1CN01DN3eQh28IpznuLSXe_!!2220768677910-0-cib.jpg_460x460q100.jpg_.webp,灯饰照明 > 室外照明灯具 > 投光灯,339件（36笔）,100以内,88%,2025-12-17（191天）,,1年,,
%CD%B6%B9%E2%B5%C6_page10,LED碘钨灯投光射灯工地灯防水灯卤钨灯50w100w200w施工灯射灯投光,6.5,,,退货包运费|明天达|先采后付,临沂信华照明电器有限公司,http://shop15e750v08u687.1688.com,https://cbu01.alicdn.com/img/ibank/O1CN01BOotXT1tQQEkZsz40_!!2217715495896-0-cib.jpg_460x460q100.jpg_.webp,灯饰照明 > 室外照明灯具 > 投光灯,1092件（31笔）,100以内,100%,2024-05-14（773天）,,3年,,
%CD%B6%B9%E2%B5%C6_page10,蚂蚁Led投光灯户外照明超亮厂房车间防水广告招牌200w400W射灯,28.8,,,1件起购|退货包运费|先采后付,义乌市欣光灯饰有限公司,http://shop4p24z7r087625.1688.com,https://cbu01.alicdn.com/img/ibank/O1CN01GVf7kc1tD8hACjyPq_!!2218290575867-0-cib.jpg_460x460q100.jpg_.webp,灯饰照明 > 室外照明灯具 > 投光灯,694件（205笔）,100以内,99%,2024-08-03（692天）,,2年,,
%CD%B6%B9%E2%B5%C6_page10,中山厂家户外照明灯led防水铝材泛光灯室外庭院超亮太阳能投光灯,245,,元宝可抵1%,1件起购|先采后付|回头率37%,中山市修本照明有限公司,http://yskled.1688.com?tracelog=p4p,https://cbu01.alicdn.com/img/ibank/O1CN01Mjq86N1DJMH64cdci_!!992290195-0-cib.jpg_460x460q100.jpg_.webp,灯饰照明 > 室外照明灯具 > 投光灯,9件（3笔）,100以内,98%,2025-03-18（465天）,,16年,37%,
%CD%B6%B9%E2%B5%C6_page10,110V碘钨灯 太阳灯架 led户外防水灯具 800w高亮投光灯,51.1,,,1件起购|退货包运费|先采后付,中山市允丰照明科技有限公司,http://shop5v2c1471q4414.1688.com,https://cbu01.alicdn.com/img/ibank/O1CN01WMb5dU2CeayyQef7G_!!2212426698499-0-cib.jpg_460x460q100.jpg_.webp,灯饰照明 > 室外照明灯具 > 投光灯,11356件（3091笔）,100以内,90%,2021-09-09（1751天）,,5年,,
%CD%B6%B9%E2%B5%C6_page10,照树投光灯景观灯射树灯插地灯花园庭院草坪鸟巢变色灯定.制,42100,,,1件起购|退货包运费|先采后付,中山市兴佰创照明有限公司,http://shop4m12y58789655.1688.com?tracelog=p4p,https://cbu01.alicdn.com/img/ibank/O1CN01oMyvay2MntTNqHO9h_!!2219493349873-0-cib.jpg_460x460q100.jpg_.webp,灯饰照明 > 室外照明灯具 > 投光灯,136件（8笔）,100以内,-,2025-03-12（471天）,,2年,,
%CD%B6%B9%E2%B5%C6_page10,新款太阳能户外超亮强光大容量防水大功率充电式投光灯应急照明灯,5370,,,1件起购|退货包运费|先采后付,中山市新风向照明电器厂,http://shop582g8g1287f80.1688.com,https://cbu01.alicdn.com/img/ibank/O1CN01hCY8xz1BsxmyrMzm9_!!2218588150002-0-cib.jpg_460x460q100.jpg_.webp,灯饰照明 > 室外照明灯具 > 太阳能灯,67件（35笔）,100以内,98%,2024-09-13（651天）,,2年,,
%CD%B6%B9%E2%B5%C6_page10,高亮LED隧道灯模组投光灯200W300W户外防水足球篮球广场高杆路灯,68,,,1件起购|退货包运费|先采后付,中山市古镇镇若言灯饰厂,http://shop6e0a032224759.1688.com,https://cbu01.alicdn.com/img/ibank/O1CN014LiGko1WUmuoRPBtT_!!2220877242792-0-cib.jpg_460x460q100.jpg_.webp,灯饰照明 > 室外照明灯具 > 投光灯,381件（33笔）,100以内,92%,2025-10-25（244天）,,1年,,
%CD%B6%B9%E2%B5%C6_page10,太阳能手提灯充电投光灯超亮家用夜市地摊灯户外多功能露营应急灯,11.230,,功能上新 五档调光省电,1件起购|退货包运费|3天达,广州市美沃格科技有限公司,http://shop62113h006j054.1688.com,https://cbu01.alicdn.com/img/ibank/O1CN01KRDXzR1CavxPaobPA_!!2219139350098-0-cib.jpg_460x460q100.jpg_.webp,灯饰照明 > 室外照明灯具 > 太阳能灯,-,100以内,82%,2026-05-25（32天）,,2年,,
%CD%B6%B9%E2%B5%C6_page10,超亮led投光灯探照灯强光户外大功率室外工地球场工程专用照明灯,53,,功能上新 三安芯片护眼,1件起购|退货包运费|先采后付,中山市华升照明有限公司,http://shop11pp360082775.1688.com,https://cbu01.alicdn.com/img/ibank/O1CN01zUFPm32E0sBOzEj9M_!!2222499998683-0-cib.jpg_460x460q100.jpg_.webp,灯饰照明 > 室外照明灯具 > 投光灯,1件（1笔）,100以内,100%,2026-05-28（29天）,,1年,,
%CD%B6%B9%E2%B5%C6_page10,太阳能灯跨境室外防水庭院光控照明路灯农村太阳能投光灯超亮,16,,"10人评价""服务不错""",1件起购|退货包运费|先采后付,中山市鹏汇照明厂,http://shop9806g13633575.1688.com,https://cbu01.alicdn.com/img/ibank/O1CN01EM6wIN2FnhwQKY2gZ_!!2219698618925-0-cib.jpg_460x460q100.jpg_.webp,灯饰照明 > 室外照明灯具 > 太阳能灯,321件（69笔）,100以内,100%,2025-05-07（415天）,,2年,,
%CD%B6%B9%E2%B5%C6_page10,厂家批发led碘钨灯工地厂房投光灯夜市地摊节能灯户外照明碘钨灯,71300,,元宝可抵1%｜投光灯榜第3名,1件起购|退货包运费|明天达,临沂佳泰光电有限公司,http://shop529b6n2n44565.1688.com,https://cbu01.alicdn.com/img/ibank/O1CN013snxDL22VlFFg21Tp_!!2216610727126-0-cib.jpg_460x460q100.jpg_.webp,灯饰照明 > 室外照明灯具 > 投光灯,1359件（208笔）,100以内,99%,2023-09-24（1006天）,,3年,,
%CD%B6%B9%E2%B5%C6_page10,户外模组隧道灯足球场灯50w~600wled投光灯广场道路体育场照明灯,7510,,近77天低价,1件起购|退货包运费|先采后付,江门瑞满照明有限公司,http://shop4q08s61064958.1688.com?tracelog=p4p,https://cbu01.alicdn.com/img/ibank/O1CN01ynQ5BZ1YLkNHDQWNX_!!2221376533043-0-cib.jpg_460x460q100.jpg_.webp,灯饰照明 > 室外照明灯具 > 投光灯,-,100以内,83%,2026-04-09（78天）,,1年,,
%CD%B6%B9%E2%B5%C6_page10,dmx512投光灯户外防圆形泛光灯72wrgb七彩照树园林景观楼宇投光灯,66,,分享再减28元,1件起购|先采后付|回头率84%,中山市中屯照明电器有限公司,http://shop01381x09g90v5.1688.com,https://cbu01.alicdn.com/img/ibank/O1CN01tTwL5Z1WJL2zYvsJ4_!!2216006812767-0-cib.jpg_460x460q100.jpg_.webp,灯饰照明 > 室外照明灯具 > 投光灯,7件（5笔）,100以内,95%,2026-04-20（67天）,,4年,84%,
%CD%B6%B9%E2%B5%C6_page10,捷辰特led投光灯户外防水庭院灯车间仓库led灯厂房照明灯超亮路灯,185000,,超亮路灯榜第8名,1件起购|退货包运费|3天达,廊坊市捷辰特电子科技有限公司,http://jiechente.1688.com,https://cbu01.alicdn.com/img/ibank/O1CN017QbcT61ioH9BaytXG_!!2850544459-0-cib.jpg_460x460q100.jpg_.webp,灯饰照明 > 室外照明灯具 > 投光灯,6646件（426笔）,100以内,100%,2023-02-19（1223天）,,10年,,
%CD%B6%B9%E2%B5%C6_page10,小苹果跨境超薄私模投光灯10WiP65防水高亮户外照明LED黑色泛光灯,7.08100,,分享再减14元｜近9天低价,1件起购|退货包运费|先采后付,江门市迈辉照明有限公司,http://maihui1993.1688.com?tracelog=p4p,https://cbu01.alicdn.com/img/ibank/O1CN01w0A1fP2BlBMpbHyDD_!!2893338378-0-cib.jpg_460x460q100.jpg_.webp,灯饰照明 > 室外照明灯具 > 投光灯,-,100以内,-,2026-03-17（101天）,,11年,,
%CD%B6%B9%E2%B5%C6_page10,亚明户外照明灯led投光灯防水工地高亮探照灯工业车间厂房射灯,13.51100,,商机组货：大面积户外照明灯,1件起购|退货包运费|3天达,佛山明阳照明有限责任公司,http://shop66031102l6055.1688.com,https://cbu01.alicdn.com/img/ibank/O1CN01COSPHx1GG6NYytKfO_!!2216402200594-0-cib.jpg_460x460q100.jpg_.webp,灯饰照明 > 室外照明灯具 > 投光灯,1180件（425笔）,100以内,98%,2024-07-18（708天）,,3年,,
%CD%B6%B9%E2%B5%C6_page10,跨境太阳能手提灯充电投光灯户外露营灯便携家用移动应急照明灯,13.5,,近70天低价,1件起购|退货包运费|后天达,广州市美沃格科技有限公司,http://shop62113h006j054.1688.com,https://cbu01.alicdn.com/img/ibank/O1CN01Fnugdl1CavwtdN48l_!!2219139350098-0-cib.jpg_460x460q100.jpg_.webp,灯饰照明 > 室外照明灯具 > 太阳能灯,31件（7笔）,100以内,82%,2026-04-16（71天）,,2年,,
%CD%B6%B9%E2%B5%C6_page10,led泛光灯超亮户外防水照明灯小苹果50w宽压投光灯庭院投射灯跨境,6.99,,当月上新,1件起购|退货包运费|先采后付,中山市千鼎盛世照明有限公司,http://shop03y2354327389.1688.com,https://cbu01.alicdn.com/img/ibank/O1CN01RWRZhQ1ilWpEfmQbZ_!!2222243304453-0-cib.jpg_460x460q100.jpg_.webp,灯饰照明 > 室外照明灯具 > 投光灯,-,100以内,100%,2026-06-02（24天）,,1年,,
%CD%B6%B9%E2%B5%C6_page10,100W RGB投光灯景观照明100W DMX512 100W泛光灯遥控100W投光灯,420,,,1件起购|先采后付|回头率54%,深圳市康鹏达光电科技有限公司,http://shop1387772263001.1688.com?tracelog=p4p,https://cbu01.alicdn.com/img/ibank/2018/450/948/8990849054_2023461439.jpg_460x460q100.jpg_.webp,灯饰照明 > 室外照明灯具 > 投光灯,-,100以内,0%,2018-06-05（2943天）,,12年,54%,
%CD%B6%B9%E2%B5%C6_page11,led投光灯江苏荣亚LED户外防水高亮泛光灯工地厂房照明投射灯批发,9830,,,退货包运费|先采后付|回头率77%,江苏荣亚电子科技有限公司,http://shop2c64150mr3717.1688.com?tracelog=p4p,https://cbu01.alicdn.com/img/ibank/O1CN01J4QO671Zs5oAwBXiq_!!2218567223249-0-cib.jpg_460x460q100.jpg_.webp,灯饰照明 > 室外照明灯具 > 投光灯,30件（4笔）,100以内,100%,2024-09-11（653天）,,2年,77%,
%CD%B6%B9%E2%B5%C6_page11,亚明LED投光灯户外防水防雷工地车间广告道路高亮照明射灯50W150W,18.81500,,,1件起购|退货包运费|先采后付,佛山市伍华照明有限公司,http://shop1y9613xt69384.1688.com,https://cbu01.alicdn.com/img/ibank/O1CN017EYwiW2DjvTueTcLH_!!2220916638646-0-cib.jpg_460x460q100.jpg_.webp,灯饰照明 > 室外照明灯具 > 投光灯,1455件（160笔）,100以内,98%,2025-10-14（255天）,,1年,,
%CD%B6%B9%E2%B5%C6_page11,A8led投光灯户外防水码头港口工地照明灯1000w大功率球场高杆灯,53020,,,退货包运费|先采后付|回头率54%,深圳市雷普斯照明电器有限公司,http://leipushi01.1688.com?tracelog=p4p,https://cbu01.alicdn.com/img/ibank/O1CN01VyLwHC2E5uMZ8cBNa_!!1001248694-0-cib.jpg_460x460q100.jpg_.webp,灯饰照明 > 室外照明灯具 > 投光灯,37件（10笔）,100以内,60%,2024-06-24（732天）,,15年,54%,
%CD%B6%B9%E2%B5%C6_page11,亚明户外投光灯室外防水强光LED照明灯超亮工地工厂房车间探照灯,357000,,近90天低价｜照明投光灯榜第12名,1件起购|退货包运费|先采后付,佛山市伍羊照明有限公司,http://shop8u5k785017lc4.1688.com,https://cbu01.alicdn.com/img/ibank/O1CN01uEXAZL1plFsNf4xbs_!!2217707045400-0-cib.jpg_460x460q100.jpg_.webp,灯饰照明 > 室外照明灯具 > 投光灯,7222件（1100笔）,100以内,97%,2024-04-06（811天）,,3年,,
%CD%B6%B9%E2%B5%C6_page11,投光灯1000W户外防水球场灯500W公园篮球场足球场照明LED投光灯,395100,,,1件起购|退货包运费|先采后付,江门市华启照明科技有限公司,http://18029669565.1688.com,https://cbu01.alicdn.com/img/ibank/O1CN01rkM65L2FMgc0I44dH_!!2217681628866-0-cib.jpg_460x460q100.jpg_.webp,灯饰照明 > 室外照明灯具 > 投光灯,157件（123笔）,100以内,100%,2025-09-26（273天）,,3年,,
%CD%B6%B9%E2%B5%C6_page11,LED户外投光灯市电工程照明高亮泛光灯广告招牌射灯广场灯足功率,38.8,,,退货包运费|先采后付|回头率44%,中山市酷虎照明有限公司,http://shop115h815777694.1688.com?tracelog=p4p,https://cbu01.alicdn.com/img/ibank/O1CN01MqyYM21wFq2AQk0HM_!!2212404266279-0-cib.jpg_460x460q100.jpg_.webp,灯饰照明 > 室外照明灯具 > 泛光灯,-,100以内,62%,2026-04-27（60天）,,5年,44%,
%CD%B6%B9%E2%B5%C6_page11,5054投光灯户外工程灯100W足瓦LED泛光灯防水照树灯黑金刚投射灯,133400,,比同款低29%｜比平台50%同款低｜商机组货：大面积户外照明灯,1件起购|退货包运费|先采后付,中山市启轩照明有限公司,http://shop366t7761m4070.1688.com,https://cbu01.alicdn.com/img/ibank/O1CN01IT1r0M1zkvlh8LwB6_!!2214269426753-0-cib.jpg_460x460q100.jpg_.webp,灯饰照明 > 室外照明灯具 > 投光灯,7523件（293笔）,100以内,95%,2022-07-07（1450天）,,4年,,
%CD%B6%B9%E2%B5%C6_page11,新款方形投光灯24w户外照树灯园林景观桥梁楼宇射灯dmx512投光灯,105600,,"分享再减28元｜6人评价""客服很专业""",1件起购|退货包运费|先采后付,中山市中屯照明电器有限公司,http://shop01381x09g90v5.1688.com,https://cbu01.alicdn.com/img/ibank/O1CN012wT7NC1WJKsmA7svz_!!2216006812767-0-cib.jpg_460x460q100.jpg_.webp,灯饰照明 > 室外照明灯具 > 投光灯,603件（116笔）,100以内,95%,2024-08-12（683天）,,4年,,
%CD%B6%B9%E2%B5%C6_page11,led投光灯大功率户外防水照明灯工地探照灯室外超亮强光泛光射灯,33.6,,元宝可抵5%,1件起购|退货包运费|先采后付,临沂正能光电科技有限公司,http://shop9t08531u0o511.1688.com,https://cbu01.alicdn.com/img/ibank/O1CN01v97rKD1NoB9cu2M1v_!!2220543281616-0-cib.jpg_460x460q100.jpg_.webp,灯饰照明 > 室外照明灯具 > 投光灯,2430件（17笔）,100以内,97%,2025-12-16（192天）,,1年,,
%CD%B6%B9%E2%B5%C6_page11,跨境led鳍片投光灯200W超频泛光灯户外大功率球场投射厂房投光灯,158,,分享再减10元,退货包运费|先采后付,东莞市昕洋照明科技有限公司,http://dgxyzm.1688.com?tracelog=p4p,https://cbu01.alicdn.com/img/ibank/O1CN0151PwiW1Q2x0alN6Xa_!!2206538461919-0-cib.jpg_460x460q100.jpg_.webp,灯饰照明 > 室外照明灯具 > 投光灯,-,100以内,0%,2019-12-02（2398天）,,7年,,
%CD%B6%B9%E2%B5%C6_page11,LED碘钨灯1000W户外防水工地用照明灯强光夜间施工超亮投光灯,6500,,分享再减5元,1件起购|退货包运费|先采后付,中山市煌基照明科技有限公司,http://shop39ok979z30233.1688.com,https://cbu01.alicdn.com/img/ibank/O1CN0189rOpF2McRI2pmlkt_!!2211586679848-0-cib.jpg_460x460q100.jpg_.webp,灯饰照明 > 室外照明灯具 > 投光灯,530件（91笔）,100以内,99%,2021-10-18（1712天）,,6年,,
%CD%B6%B9%E2%B5%C6_page11,光硕士新款太阳能灯智能太阳能照明灯天黑自动亮室内外太阳能庭院投光灯,12,,商机组货：太阳能庭院灯,1件起购|退货包运费|先采后付,中山市雷芒照明有限公司,http://shop93417okd07976.1688.com,https://cbu01.alicdn.com/img/ibank/O1CN01U1cop21zTWVyY6gVC_!!2216032106715-0-cib.jpg_460x460q100.jpg_.webp,灯饰照明 > 室外照明灯具 > 太阳能灯,2615件（2054笔）,500+,99%,2024-03-07（841天）,,4年,,
%CD%B6%B9%E2%B5%C6_page11,跨境贸易太阳能灯户外照明庭院灯太阳能投光灯新农村路灯源头厂家,9.9,,近23天低价｜商机组货：太阳能庭院灯,1件包邮|退货包运费|先采后付,惠州市禧灯照明科技有限公司,http://shop8o0035a792g20.1688.com,https://cbu01.alicdn.com/img/ibank/O1CN01tseipl1i7gKla5kQ5_!!2219802834366-0-cib.jpg_460x460q100.jpg_.webp,灯饰照明 > 室外照明灯具 > 太阳能灯,2240件（542笔）,100以内,90%,2025-06-22（369天）,,2年,,
%CD%B6%B9%E2%B5%C6_page11,三雄极光投光灯户外led泛光招牌防水射灯广场外墙工地施工照明灯,35400,,近90天低价,1件起购|退货包运费|先采后付,佛山市南海区日能灯饰经营部,http://rineng.1688.com,https://cbu01.alicdn.com/img/ibank/O1CN01VLt5FC2IhFC7nQqZe_!!2219564339317-0-cib.jpg_460x460q100.jpg_.webp,灯饰照明 > 室外照明灯具 > 泛光灯,424件（90笔）,100以内,99%,2025-04-18（434天）,,2年,,三雄极光
%CD%B6%B9%E2%B5%C6_page11,批发亚明防水户外led投光灯工程照明商用射灯探照灯球场灯泛光灯,2820,,当季上新,1件起购|退货包运费|先采后付,临沂恒鑫光电科技有限公司,http://shop4344h80y14y93.1688.com,https://cbu01.alicdn.com/img/ibank/O1CN01BzXm5N2Cl0qhdX1dB_!!2222119158513-0-cib.jpg_460x460q100.jpg_.webp,灯饰照明 > 室外照明灯具 > 投光灯,11件（10笔）,100以内,100%,2026-05-17（40天）,,1年,,
%CD%B6%B9%E2%B5%C6_page11,LED手提折叠工作灯户外防水大功率照明强光探照工程高亮度投光灯,49.5,,功能上新 铝合金轻便坚固,1件起购|退货包运费|先采后付,华朗新能源(广东)有限公司,http://hualangxly.1688.com?tracelog=p4p,https://cbu01.alicdn.com/img/ibank/O1CN01BxXpHC1MWUGeQcjAh_!!2222363581442-0-cib.jpg_460x460q100.jpg_.webp,灯饰照明 > 室外照明灯具 > 投光灯,-,100以内,100%,2026-05-16（41天）,,1年,,
%CD%B6%B9%E2%B5%C6_page11,太阳能手提灯充电投光灯应急家用户外庭院照明便携露营LED泛光灯,12.520,,近40天低价,1件起购|退货包运费|先采后付,广州市美沃格科技有限公司,http://shop62113h006j054.1688.com,https://cbu01.alicdn.com/img/ibank/O1CN017OzCsO1CavxFM0UrB_!!2219139350098-0-cib.jpg_460x460q100.jpg_.webp,灯饰照明 > 室外照明灯具 > 太阳能灯,-,100以内,82%,2026-05-13（44天）,,2年,,
%CD%B6%B9%E2%B5%C6_page11,跨境LED投光灯人体感应红外泛光灯遥控光控户外照明灯户外照明灯,18.31,,,退货包运费|先采后付|回头率52%,中山市帝球照明科技有限公司,http://diqiuled.1688.com?tracelog=p4p,https://cbu01.alicdn.com/img/ibank/O1CN01ZrvXza1ph8L64RsHV_!!1908335391-0-cib.jpg_460x460q100.jpg_.webp,灯饰照明 > 室外照明灯具 > 投光灯,20683件（537笔）,100以内,82%,2023-06-26（1096天）,,12年,52%,
%CD%B6%B9%E2%B5%C6_page11,太阳能灯家用户外庭院灯新农村光伏路灯led大功率投光灯超亮防水,9.9,,近23天低价｜商机组货：太阳能庭院灯,1件包邮|退货包运费|先采后付,惠州市禧灯照明科技有限公司,http://shop8o0035a792g20.1688.com,https://cbu01.alicdn.com/img/ibank/O1CN01i9Pwiw1i7gKz1NHAq_!!2219802834366-0-cib.jpg_460x460q100.jpg_.webp,灯饰照明 > 室外照明灯具 > 太阳能灯,171件（105笔）,100以内,90%,2025-12-28（180天）,,2年,,
%CD%B6%B9%E2%B5%C6_page11,批量专属承嘉太阳能批发灯 户外庭院灯跨境投光灯新农村 路灯厂家,13.87600,,商机组货：太阳能庭院灯,1件包邮|退货包运费|先采后付,中山市承佳照明有限公司,http://shop161x2135n0228.1688.com,https://cbu01.alicdn.com/img/ibank/O1CN014ATpOC1zidab1wYJR_!!2210866926748-0-cib.jpg_460x460q100.jpg_.webp,灯饰照明 > 室外照明灯具 > 太阳能灯,7158件（93笔）,100以内,97%,2022-12-13（1291天）,,6年,,
%CD%B6%B9%E2%B5%C6_page11,led投光灯广告牌工程楼梯投射灯户外防水射灯景观照明灯跨境热销,35,,,退货包运费|先采后付|回头率89%,广东省信德尚照明电器有限公司,http://shop42134357280e2.1688.com?tracelog=p4p,https://cbu01.alicdn.com/img/ibank/O1CN01PK9Svj2M7koiynmhp_!!2215735169781-0-cib.jpg_460x460q100.jpg_.webp,灯饰照明 > 室外照明灯具 > 投光灯,-,100以内,100%,2023-11-22（947天）,,4年,89%,
%CD%B6%B9%E2%B5%C6_page11,跨境太阳能投光灯户外照明路灯庭院灯太阳能灯源头厂家,40.58200,,当季上新,1件起购|退货包运费|先采后付,中山市胜勋照明有限公司,http://shop6w8w7654y3589.1688.com,https://cbu01.alicdn.com/img/ibank/O1CN01XKbqhP1OrfofLW2cw_!!2222252741759-0-cib.jpg_460x460q100.jpg_.webp,灯饰照明 > 室外照明灯具 > 太阳能灯,91件（15笔）,100以内,90%,2026-04-25（62天）,,1年,,
%CD%B6%B9%E2%B5%C6_page11,户外防水投光灯射树灯照插地花园庭院草坪鸟巢七彩变色灯定.制,52,,,1件起购|退货包运费|先采后付,中山市兴佰创照明有限公司,http://shop4m12y58789655.1688.com?tracelog=p4p,https://cbu01.alicdn.com/img/ibank/O1CN01ECPt4J2MntTOFrR1p_!!2219493349873-0-cib.jpg_460x460q100.jpg_.webp,灯饰照明 > 室外照明灯具 > 投光灯,-,100以内,-,2025-03-12（471天）,,2年,,
%CD%B6%B9%E2%B5%C6_page11,户外球场照明led投光灯大功率 家用庭院超亮防水太阳能投光灯,9.91600,,功能上新 太阳能全天供电,1件起购|退货包运费|先采后付,深圳红米智能家居有限公司,http://hongmizhineng.1688.com,https://cbu01.alicdn.com/img/ibank/O1CN01mocMe82NESSy9ArHt_!!2501669931-0-cib.jpg_460x460q100.jpg_.webp,灯饰照明 > 室外照明灯具 > 投光灯,802件（25笔）,100以内,83%,2026-04-28（59天）,,11年,,
%CD%B6%B9%E2%B5%C6_page11,跨境货源户外防水投光灯50W100W200W厚料足瓦超亮小苹果投光灯,5.583800,,"9人评价""服务不错""",1件起购|退货包运费|先采后付,中山市易居宝电器厂,http://shop124r90981f0a5.1688.com,https://cbu01.alicdn.com/img/ibank/O1CN019lOKlm1YD2kZujH0x_!!2219576423024-0-cib.jpg_460x460q100.jpg_.webp,灯饰照明 > 室外照明灯具 > 投光灯,5159件（427笔）,100以内,98%,2025-04-07（445天）,,2年,,
%CD%B6%B9%E2%B5%C6_page11,LED蚂蚁投光灯超薄防水户外泛光灯SKD套件 I FLOOD LIGHT SKDKITS,8.5,,当月上新,退货包运费|先采后付|回头率55%,江门市锐森照明电器有限公司,http://jmrison.1688.com?tracelog=p4p,https://cbu01.alicdn.com/img/ibank/O1CN01aKvWqB1fODpCd50xx_!!2222475093996-0-cib.jpg_460x460q100.jpg_.webp,灯饰照明 > 室外照明灯具 > 投光灯,-,100以内,100%,2026-05-30（27天）,,1年,55%,
%CD%B6%B9%E2%B5%C6_page11,LED12V带线电瓶车使用灯低压夜市地摊灯电瓶夹子灯直流低压投光灯,12.5,,分享再减6元｜投光灯榜第14名,1件起购|退货包运费|先采后付,佛山市禅城区智瑞发贸易商行,http://shop4542299069p51.1688.com,https://cbu01.alicdn.com/img/ibank/O1CN01Td90tv1d1ejpp5MIh_!!2214726323676-0-cib.jpg_460x460q100.jpg_.webp,灯饰照明 > 室外照明灯具 > 投光灯,2035件（1007笔）,100以内,90%,2022-12-10（1294天）,,4年,,
%CD%B6%B9%E2%B5%C6_page11,户外太阳能强光摆摊夜市USB充电地摊露营灯应充电式节能led投光灯,5.620,,,退货包运费|先采后付,中山市淞涵照明有限公司,http://shop73667314037c9.1688.com?tracelog=p4p,https://cbu01.alicdn.com/img/ibank/O1CN018eQvqz1QWitMzzQH1_!!2214249671984-0-cib.jpg_460x460q100.jpg_.webp,灯饰照明 > 室外照明灯具 > 太阳能灯,20件（1笔）,100以内,0%,2025-10-19（250天）,,4年,,
%CD%B6%B9%E2%B5%C6_page11,草坪灯防水灯广告灯户外灯防雷泛光50W100W150W200W400WLED投光灯,39.9,,,1件起购|退货包运费|先采后付,四川虹成联诺照明科技有限公司,http://shop9s6204f3o8953.1688.com,https://cbu01.alicdn.com/img/ibank/O1CN01kFDRVk1mkOIECwNyI_!!2220742174992-0-cib.jpg_460x460q100.jpg_.webp,灯饰照明 > 室外照明灯具 > 投光灯,127件（31笔）,100以内,97%,2026-04-13（74天）,,1年,,
%CD%B6%B9%E2%B5%C6_page11,大功率泛光灯移动手提灯COB LED充电输出工地灯 户外露营探照灯,17520,,,1件起购|退货包运费|先采后付,杭州鑫耀照明有限公司,http://pyryyxgs.1688.com,https://cbu01.alicdn.com/img/ibank/12486101133_1019217499.jpg_460x460q100.jpg_.webp,灯饰照明 > 室外照明灯具 > 泛光灯,23件（8笔）,100以内,96%,2019-10-25（2436天）,,20年,,
%CD%B6%B9%E2%B5%C6_page11,led亚明投光灯户外防水照明灯工地探照灯照树投射灯高流明泛光灯,16.15,,"元宝可抵5%｜6人评价""性价比挺好""",1件起购|退货包运费|先采后付,临沂布洛克照明电器有限公司,http://buluoke2017.1688.com,https://cbu01.alicdn.com/img/ibank/O1CN01Eoohjh1qRqXvIE7OB_!!3476905493-0-cib.jpg_460x460q100.jpg_.webp,灯饰照明 > 室外照明灯具 > 投光灯,2457件（68笔）,100以内,98%,2022-05-09（1509天）,,9年,,
%CD%B6%B9%E2%B5%C6_page11,兆昌高光效LED投光灯照明泛光灯led户外照明灯投射灯高杆灯,274,,分享再减18元,1件起购|退货包运费|先采后付,苏州市兆昌电子科技有限公司,http://zhaochangfangbao.1688.com?tracelog=p4p,https://cbu01.alicdn.com/img/ibank/O1CN01bUNL9G2DgiaK0RbjG_!!3361858639-0-cib.jpg_460x460q100.jpg_.webp,灯饰照明 > 室外照明灯具 > 投光灯,16件（3笔）,100以内,100%,2020-06-30（2187天）,,9年,,
%CD%B6%B9%E2%B5%C6_page12,跨境外贸led泛光灯工程投光灯户外照明高流明防水灯工业射灯,32400,,,退货包运费|先采后付|回头率52%,中山市帝球照明科技有限公司,http://diqiuled.1688.com?tracelog=p4p,https://cbu01.alicdn.com/img/ibank/O1CN01SSIz8b1ph8L7RHgfH_!!1908335391-0-cib.jpg_460x460q100.jpg_.webp,灯饰照明 > 室外照明灯具 > 投光灯,539件（18笔）,100以内,82%,2016-11-24（3501天）,,12年,52%,
%CD%B6%B9%E2%B5%C6_page12,亚明led投光灯室外强光超亮射灯工地工厂房车间探照灯户外照明灯,14700,,近49天低价｜照明投光灯榜第9名,1件起购|退货包运费|先采后付,佛山市辉荣明照明有限公司,http://shop0587838190ea7.1688.com,https://cbu01.alicdn.com/img/ibank/O1CN01Kff5B01tgSBTtpqYz_!!2217071905931-0-cib.jpg_460x460q100.jpg_.webp,灯饰照明 > 室外照明灯具 > 投光灯,721件（174笔）,100以内,99%,2024-01-03（905天）,,3年,,
%CD%B6%B9%E2%B5%C6_page12,led模组隧道灯300w大功率户外防水高杆球场灯室外工地照明投光灯,254,,,1件起购|退货包运费|先采后付,深圳市雷普斯照明电器有限公司,http://leipushi01.1688.com?tracelog=p4p,https://cbu01.alicdn.com/img/ibank/O1CN01lRk2l32E5uKaJsOSI_!!1001248694-0-cib.jpg_460x460q100.jpg_.webp,灯饰照明 > 室外照明灯具 > 隧道灯具,24件（3笔）,100以内,60%,2024-03-13（835天）,,15年,,
%CD%B6%B9%E2%B5%C6_page12,工厂直营亚标LED投光灯IP66铝材广告泛光灯户外足功率投光灯,452300,,,1件起购|退货包运费|先采后付,常州锦烛照明电器有限公司,http://shop230i420n08i71.1688.com,https://cbu01.alicdn.com/img/ibank/O1CN01BEahTB2I4m0289nDB_!!2212119459233-0-cib.jpg_460x460q100.jpg_.webp,灯饰照明 > 室外照明灯具 > 投光灯,2493件（144笔）,100以内,95%,2023-10-27（973天）,,5年,,
%CD%B6%B9%E2%B5%C6_page12,光硕士2026新款智能太阳能照明灯天黑自动亮室内外太阳能庭院投光灯,13.79,,商机组货：太阳能庭院灯,1件起购|退货包运费|先采后付,中山市简映照明有限公司,http://shop16528c5455dr4.1688.com,https://cbu01.alicdn.com/img/ibank/O1CN01D5oIXI1JnU5c7pixa_!!2219666911073-0-cib.jpg_460x460q100.jpg_.webp,灯饰照明 > 室外照明灯具 > 太阳能灯,134件（110笔）,100以内,100%,2026-03-20（98天）,,2年,,
%CD%B6%B9%E2%B5%C6_page12,户外工程投光灯5054 足瓦LED泛光灯 100W防水照树投射灯厂家现货,24.8600,,商机组货：大面积户外照明灯,1件起购|退货包运费|先采后付,中山市宏亿照明有限公司,http://zshongyi.1688.com,https://cbu01.alicdn.com/img/ibank/O1CN01G6LmIG1cisqa66hJM_!!2215534573635-0-cib.jpg_460x460q100.jpg_.webp,灯饰照明 > 室外照明灯具 > 投光灯,495件（10笔）,100以内,95%,2023-07-08（1084天）,,4年,,
%CD%B6%B9%E2%B5%C6_page12,LED长杆铲灯展会射灯70w100W长臂灯广告门头背景墙户外防水灯泛光,42,,,1件起购|退货包运费|先采后付,中山市展之亮照明有限公司,http://shop47348627k1691.1688.com?tracelog=p4p,https://cbu01.alicdn.com/img/ibank/O1CN012kFWqy28wgPFIFWwi_!!2218488887997-0-cib.jpg_460x460q100.jpg_.webp,灯饰照明 > 室外照明灯具 > 泛光灯,705件（27笔）,100以内,100%,2025-06-28（363天）,,2年,,
%CD%B6%B9%E2%B5%C6_page12,太阳能led充电投光灯户外夜市摆摊露营超长续航手提照明灯野营灯,11.5,,当月上新,1件起购|退货包运费|先采后付,中山市普毅照明有限公司,http://shop1n4u763p59656.1688.com,https://cbu01.alicdn.com/img/ibank/O1CN018PQPFI2F8UNzZ6IVh_!!3816908835-0-cib.jpg_460x460q100.jpg_.webp,灯饰照明 > 室外照明灯具 > 投光灯,-,100以内,99%,2026-06-01（25天）,,9年,,
%CD%B6%B9%E2%B5%C6_page12,新款太阳能灯人体感应户外庭院灯投光灯院子照明灯路灯跨境批发,4820,,,1件起购|退货包运费|先采后付,中山市航图照明有限公司,http://shop9938w3p45t782.1688.com,https://cbu01.alicdn.com/img/ibank/O1CN01MNifAp2GA9GHUKYQt_!!2215037948974-0-cib.jpg_460x460q100.jpg_.webp,灯饰照明 > 室外照明灯具 > 太阳能灯,20件（12笔）,100以内,96%,2024-06-28（728天）,,4年,,
%CD%B6%B9%E2%B5%C6_page12,蚂蚁款投光灯高亮防水200W400W渔船球场庭院公园照明led投光灯,75,,分享再减15元,退货包运费|先采后付|回头率37%,中山市光富照明电器有限公司,http://shop7406455113378.1688.com?tracelog=p4p,https://cbu01.alicdn.com/img/ibank/O1CN01BLudqn1aZbUAuMiNw_!!2214182923344-0-cib.jpg_460x460q100.jpg_.webp,灯饰照明 > 室外照明灯具 > 投射灯/聚光灯,168件（35笔）,100以内,100%,2022-06-07（1480天）,,5年,37%,
%CD%B6%B9%E2%B5%C6_page13,led投光灯射灯室外防水强光超亮工地工厂房球场专用探照投光灯,288,,分享再减10元,退货包运费|先采后付|回头率40%,中山市高程照明科技有限公司,http://zsgczm.1688.com?tracelog=p4p,https://cbu01.alicdn.com/img/ibank/O1CN01UWnbgQ1et4dWt2FSz_!!3297863928-0-cib.jpg_460x460q100.jpg_.webp,灯饰照明 > 室外照明灯具 > 投光灯,-,100以内,100%,2023-10-24（976天）,,10年,40%,
%CD%B6%B9%E2%B5%C6_page13,跨境LED泛光灯150W高杆灯户外广场建筑球场照明投射灯超薄投光灯,140,,分享再减10元,退货包运费|先采后付,东莞市昕洋照明科技有限公司,http://dgxyzm.1688.com?tracelog=p4p,https://cbu01.alicdn.com/img/ibank/O1CN01kfD2di1Q2x0ZyRy3Q_!!2206538461919-0-cib.jpg_460x460q100.jpg_.webp,灯饰照明 > 室外照明灯具 > 投光灯,-,100以内,0%,2020-12-29（2005天）,,7年,,
%CD%B6%B9%E2%B5%C6_page13,带支架防水工作灯投光灯户外工地应急照明灯夜市摆摊强光探照灯,215,,材质上新 360颗高亮灯珠,1件起购|退货包运费|先采后付,华朗新能源(广东)有限公司,http://hualangxly.1688.com?tracelog=p4p,https://cbu01.alicdn.com/img/ibank/O1CN01Ha6lzd1MWUGUXAfUc_!!2222363581442-0-cib.jpg_460x460q100.jpg_.webp,灯饰照明 > 室外照明灯具 > 投光灯,-,100以内,100%,2026-05-04（53天）,,1年,,
%CD%B6%B9%E2%B5%C6_page13,LED彩虹景观灯照树染色灯投光灯50w文旅夜游灯光七彩灯,238,,,1件起购|退货包运费|先采后付,中山市兴佰创照明有限公司,http://shop4m12y58789655.1688.com?tracelog=p4p,https://cbu01.alicdn.com/img/ibank/O1CN010HjQx32MntTRMdHN6_!!2219493349873-0-cib.jpg_460x460q100.jpg_.webp,灯饰照明 > 室外照明灯具 > 投光灯,2件（1笔）,100以内,-,2025-04-08（444天）,,2年,,
%CD%B6%B9%E2%B5%C6_page13,跨境热销led投光灯超薄小苹果投射灯50W400W防水照明泛光灯庭院灯,8.58,,,退货包运费|明天达|先采后付,杭州市拱墅区炫明照明商行,http://shop6a960955398a9.1688.com?tracelog=p4p,https://cbu01.alicdn.com/img/ibank/O1CN01emammJ1L1Vr7TPBTJ_!!2222133371239-0-cib.jpg_460x460q100.jpg_.webp,灯饰照明 > 室外照明灯具 > 投光灯,-,100以内,100%,2026-06-09（17天）,,1年,,
%CD%B6%B9%E2%B5%C6_page13,400W匹克球场专用灯50度偏光防眩光LED投光灯户外网球场高杆灯,680,,分享再减28元,1件起购|退货包运费|回头率40%,中山市鑫鹏达灯饰厂,http://xinpengdalight.1688.com?tracelog=p4p,https://cbu01.alicdn.com/img/ibank/O1CN019ht07q1HzjU5MdWDj_!!2131560829-0-cib.jpg_460x460q100.jpg_.webp,灯饰照明 > 室外照明灯具 > 泛光灯,-,-,-,2026-06-25（1天）,,12年,40%,
%CD%B6%B9%E2%B5%C6_page13,跨境led户外防水隧道灯厂房泛光灯隧道大功率投光灯篮球场射灯,188.0,,风格:户外等｜主要销售地区:非洲等｜认证:有害物质(rohs),先采后付|深度验厂|近期多人加购,中山市高程照明科技有限公司,https://zsgczm.1688.com,https://cbu01.alicdn.com/img/ibank/O1CN017OwbfD1et4kn0AD5l_!!3297863928-0-cib.jpg_460x460q100.jpg_.webp,,,,,,,,,
%CD%B6%B9%E2%B5%C6_page14,鑫永裕LED投光灯蚂蚁款300W球场灯户外防水射灯泛光灯工地照明灯,56,,,1件起购|退货包运费|先采后付,佛山市南海区万彩星照明厂,http://shop8o999f2225654.1688.com?tracelog=p4p,https://cbu01.alicdn.com/img/ibank/O1CN0197fHZI1KqWKApHMdg_!!2212886521215-0-cib.jpg_460x460q100.jpg_.webp,灯饰照明 > 室外照明灯具 > 投光灯,141件（15笔）,100以内,96%,2025-11-14（224天）,,5年,,
%CD%B6%B9%E2%B5%C6_page14,足球球场隧道高杆庭院灯 跨境防水泛光照明户外灯led多模组投光灯,110200,,,1件起购|退货包运费|先采后付,中山市晟田照明科技有限公司,http://shinyland.1688.com?tracelog=p4p,https://cbu01.alicdn.com/img/ibank/O1CN01NM1lKL1ydJQjXPNQt_!!1005566601-0-cib.jpg_460x460q100.jpg_.webp,灯饰照明 > 室外照明灯具 > 隧道灯具,653件（42笔）,100以内,90%,2022-09-29（1366天）,,12年,,
%CD%B6%B9%E2%B5%C6_page14,2026新款太阳能户外庭院灯路灯农村家用防水LED投光灯太阳能灯,15.510,,功能上新 阴雨天不断电亮,1件起购|退货包运费|先采后付,中山市杰荣灯饰有限公司,http://shop6348q1v105086.1688.com?tracelog=p4p,https://cbu01.alicdn.com/img/ibank/O1CN01NBan661RM1IgkwiGq_!!2222543752096-0-cib.jpg_460x460q100.jpg_.webp,灯饰照明 > 室外照明灯具 > 太阳能灯,-,100以内,91%,2026-06-12（14天）,,1年,,
%CD%B6%B9%E2%B5%C6_page14,led投光灯球场灯户外防水泛光灯超亮高流明强光工程专用探照射灯,50,,材质上新 三安芯片灯珠,1件起购|退货包运费|先采后付,中山市华升照明有限公司,http://shop11pp360082775.1688.com?tracelog=p4p,https://cbu01.alicdn.com/img/ibank/O1CN01gVi22G2E0sBeiQReR_!!2222499998683-0-cib.jpg_460x460q100.jpg_.webp,灯饰照明 > 室外照明灯具 > 投光灯,1件（1笔）,100以内,100%,2026-05-28（29天）,,1年,,
%CD%B6%B9%E2%B5%C6_page14,户外高杆灯球场灯LED隧道灯led大功率600W800W模组投光灯厂家,288,,分享再减10元,退货包运费|先采后付|回头率40%,中山市高程照明科技有限公司,http://zsgczm.1688.com?tracelog=p4p,https://cbu01.alicdn.com/img/ibank/O1CN018bWoXA1et4dK0qlXb_!!3297863928-0-cib.jpg_460x460q100.jpg_.webp,灯饰照明 > 室外照明灯具 > 投光灯,-,100以内,100%,2023-10-24（976天）,,10年,40%,
%CD%B6%B9%E2%B5%C6_page14,LED投光灯户外防水车间工厂照明灯工地超亮投射灯球场操场泛光灯,35800,,材质上新 加厚铝壳散热,1件起购|退货包运费|先采后付,临沂布洛克光电科技有限公司,http://shop70585lc914111.1688.com?tracelog=p4p,https://cbu01.alicdn.com/img/ibank/O1CN01l56qH61yHKYw5l2BQ_!!2220373906553-0-cib.jpg_460x460q100.jpg_.webp,灯饰照明 > 室外照明灯具 > 投光灯,2件（1笔）,100以内,97%,2026-05-27（30天）,,1年,,
%CD%B6%B9%E2%B5%C6_page14,亚明LED投光灯户外防水工程专用照明投射灯厂房车间大功率投光灯,16.52000,,材质上新 铝壳强效散热,退货包运费|先采后付|回头率73%,临沂布洛克光电科技有限公司,http://shop70585lc914111.1688.com?tracelog=p4p,https://cbu01.alicdn.com/img/ibank/O1CN01bR2ZAi1yHKYcXWJlq_!!2220373906553-0-cib.jpg_460x460q100.jpg_.webp,灯饰照明 > 室外照明灯具 > 投光灯,2006件（3笔）,100以内,97%,2026-05-05（52天）,,1年,73%,
%CD%B6%B9%E2%B5%C6_page14,新款满天星太阳能投光灯led光控防水路灯定时照明户外庭院灯批发,58,,元宝可抵1%｜全网低价｜比下游同款低67%,1件起购|退货包运费|先采后付,中山市中锦照明科技有限公司,http://shop0n11m568206b0.1688.com?tracelog=p4p,https://cbu01.alicdn.com/img/ibank/O1CN01ycBmOF21bQiO8psJI_!!2210972777003-0-cib.jpg_460x460q100.jpg_.webp,灯饰照明 > 室外照明灯具 > 太阳能灯,6534件（556笔）,100以内,93%,2022-03-21（1558天）,,6年,,
%CD%B6%B9%E2%B5%C6_page14,亚明led投光灯户外防水8088光效强投射灯高亮工地灯cob泛光灯批发,56.05,,元宝可抵5%,1件起购|退货包运费|先采后付,中山市柒派光电科技有限公司,http://shop04b88r5w98837.1688.com?tracelog=p4p,https://cbu01.alicdn.com/img/ibank/O1CN014QcI892IzZ5rndggY_!!2216021999357-0-cib.jpg_460x460q100.jpg_.webp,灯饰照明 > 室外照明灯具 > 投光灯,410件（89笔）,100以内,96%,2023-07-02（1090天）,,3年,,
%CD%B6%B9%E2%B5%C6_page14,亚明照明led投光灯户外防水泛光灯5054足功率cob投射灯照树灯批发,18.05,,元宝可抵5%,1件起购|退货包运费|先采后付,三零光电科技(临沂)有限公司,http://shop11071p041l696.1688.com?tracelog=p4p,https://cbu01.alicdn.com/img/ibank/O1CN013LLI811zD2QhFCPAS_!!2217295896679-0-cib.jpg_460x460q100.jpg_.webp,灯饰照明 > 室外照明灯具 > 投光灯,507件（43笔）,100以内,97%,2024-02-23（854天）,,3年,,
%CD%B6%B9%E2%B5%C6_page14,led模组投光灯隧道灯 防眩模组灯户外防水工地照明隧道球场投光灯,53,,元宝可抵1%｜近90天低价,1件起购|退货包运费|先采后付,中山市卓程照明有限公司,http://zhuochengled.1688.com?tracelog=p4p,https://cbu01.alicdn.com/img/ibank/O1CN015qR8iT1Cq2puY2FSq_!!2732450131-0-cib.jpg_460x460q100.jpg_.webp,灯饰照明 > 室外照明灯具 > 投光灯,645件（50笔）,100以内,78%,2021-12-21（1648天）,,11年,,
%CD%B6%B9%E2%B5%C6_page14,大功率投光灯户外庭院别墅公园射树灯景观照明防水聚光射灯工厂,85,,,退货包运费|先采后付|回头率89%,广东省信德尚照明电器有限公司,http://shop42134357280e2.1688.com?tracelog=p4p,https://cbu01.alicdn.com/img/ibank/O1CN01liL3i32M7kvF9TNWA_!!2215735169781-0-cib.jpg_460x460q100.jpg_.webp,灯饰照明 > 室外照明灯具 > 投光灯,4件（2笔）,100以内,100%,2024-10-30（604天）,,4年,89%,
%CD%B6%B9%E2%B5%C6_page14,led投光灯集成背包户外泛光灯1000W庭院超亮工厂车间投射广告,238.81500,,"7人评价""质量很好""",1件起购|退货包运费|先采后付,亚照品尚（佛山）照明有限公司,http://shop55010kd740m89.1688.com,https://cbu01.alicdn.com/img/ibank/O1CN01pIfgt62MGSafCtwTn_!!2217548199800-0-cib.jpg_460x460q100.jpg_.webp,灯饰照明 > 室外照明灯具 > 投光灯,1719件（51笔）,100以内,50%,2024-03-26（822天）,,3年,,
%CD%B6%B9%E2%B5%C6_page14,上海亚明LED投光灯5050防水大功率投射灯400W500W600W车间投光灯,49100,,元宝可抵1%,1件起购|退货包运费|先采后付,佛山市永裕照明有限公司,http://shop3o06502463017.1688.com,https://cbu01.alicdn.com/img/ibank/O1CN01U9EDIp1qgxhWmfMOV_!!2204171395526-0-cib.jpg_460x460q100.jpg_.webp,灯饰照明 > 室外照明灯具 > 投光灯,145件（37笔）,100以内,80%,2023-11-09（960天）,,7年,,
%CD%B6%B9%E2%B5%C6_page14,亚明小苹果led投光灯户外防水强光超亮工地工厂房探照灯户外照明,65.8600,,,1件起购|退货包运费|先采后付,温州市蕾士照明有限公司,http://shop903r69l916410.1688.com,https://cbu01.alicdn.com/img/ibank/O1CN012J9fTc1ixtStjGMiD_!!2220462174480-0-cib.jpg_460x460q100.jpg_.webp,灯饰照明 > 室外照明灯具 > 投光灯,664件（23笔）,100以内,100%,2025-09-14（285天）,,1年,,
%CD%B6%B9%E2%B5%C6_page14,Aled户外投光灯防水工地庭院射灯10W20W30W50W100W200W400W泛光灯,7.59,,分享再减5元,1件起购|退货包运费|先采后付,中山市龙明照明科技有限公司,http://shop2839j5604ea45.1688.com,https://cbu01.alicdn.com/img/ibank/O1CN01mmOjZy1vl9LdVl9VR_!!2214133976212-0-cib.jpg_460x460q100.jpg_.webp,灯饰照明 > 室外照明灯具 > 投光灯,199件（31笔）,100以内,99%,2024-09-04（660天）,,5年,,
%CD%B6%B9%E2%B5%C6_page14,亚明led投光灯户外防水探照灯工地庭院厂房照明灯工程超亮投射灯,18,,,1件起购|退货包运费|先采后付,佛山市恒永盈照明有限公司,http://shop27f824k442411.1688.com?tracelog=p4p,https://cbu01.alicdn.com/img/ibank/O1CN01kBAXYZ1e9jgJdwwKi_!!2217766853829-0-cib.jpg_460x460q100.jpg_.webp,灯饰照明 > 室外照明灯具 > 投光灯,-,100以内,98%,2026-06-14（12天）,,3年,,
%CD%B6%B9%E2%B5%C6_page14,公牛led投光灯大面积户外照明灯工地仓库广场强光防水探照灯家用,66.75,,全网低价｜比下游同款低63%,1件起购|退货包运费|先采后付,BULL/公牛品牌专营店,http://shop1386176168462.1688.com?tracelog=p4p,https://cbu01.alicdn.com/img/ibank/O1CN01KpegYw1u719wbZGTi_!!1907935989-0-cib.jpg_460x460q100.jpg_.webp,灯饰照明 > 室外照明灯具 > 投光灯,242件（75笔）,100以内,99%,2020-12-21（2013天）,,13年,,公牛
%CD%B6%B9%E2%B5%C6_page14,LED户外防水射灯门头招牌灯可调角度店铺墙壁广告牌匾室外投光灯,59.85,,元宝可抵1%｜近90天低价,1件起购|退货包运费|先采后付,温州乔言照明有限公司,http://shop0j294k9o24981.1688.com?tracelog=p4p,https://cbu01.alicdn.com/img/ibank/O1CN01WvOJL42M9aYLQqn3T_!!2215220239785-0-cib.jpg_460x460q100.jpg_.webp,灯饰照明 > 无主灯照明 > 射灯,120件（39笔）,100以内,99%,2025-03-10（473天）,,4年,,
%CD%B6%B9%E2%B5%C6_page14,led低压投光灯12V24V夜市摆摊灯船用直流探照灯户外防水照明射灯,28,,当季上新,1件起购|退货包运费|先采后付,佛山妙普照明有限公司,http://shop0j649322941p9.1688.com?tracelog=p4p,https://cbu01.alicdn.com/img/ibank/O1CN01C1Ktkn2Id7ic9d6CY_!!2219120199308-0-cib.jpg_460x460q100.jpg_.webp,灯饰照明 > 室外照明灯具 > 投光灯,-,100以内,98%,2026-05-05（52天）,,2年,,
%CD%B6%B9%E2%B5%C6_page14,亚明LED户外照明灯庭院探照路灯工程工业车间厂房投光灯射灯强光,43300,,,1件起购|退货包运费|先采后付,佛山妙普照明有限公司,http://shop0j649322941p9.1688.com?tracelog=p4p,https://cbu01.alicdn.com/img/ibank/O1CN017b8NJt2Id7hKO4Kz8_!!2219120199308-0-cib.jpg_460x460q100.jpg_.webp,灯饰照明 > 室外照明灯具 > 投光灯,338件（72笔）,100以内,98%,2025-06-07（384天）,,2年,,
%CD%B6%B9%E2%B5%C6_page14,FSL佛山照明 LED投光灯超亮防水路灯广告招牌厂房照明泛光灯,451200,,,1件起购|退货包运费|先采后付,佛山电器照明股份有限公司,http://fszmfsl.1688.com,https://cbu01.alicdn.com/img/ibank/O1CN01FDoCwt2MbWgfux938_!!2257069846-0-cib.jpg_460x460q100.jpg_.webp,灯饰照明 > 室外照明灯具 > 投光灯,1557件（129笔）,100以内,99%,2021-07-23（1799天）,,12年,,佛山照明
%CD%B6%B9%E2%B5%C6_page14,公.牛正品LED投光灯led防水泛光灯户外庭院灯50W100W150W200Wip65,49.580,,分享再减6元,退货包运费|先采后付|回头率46%,杭州海进照明有限公司,http://shop46k22466071m1.1688.com,https://cbu01.alicdn.com/img/ibank/O1CN014FtNov26DgEB5hBhg_!!4214937628-0-cib.jpg_460x460q100.jpg_.webp,灯饰照明 > 室外照明灯具 > 投光灯,166件（18笔）,100以内,88%,2025-03-03（480天）,,8年,46%,
%CD%B6%B9%E2%B5%C6_page14,光硕士【大灯】新款智能太阳能庭院灯天黑自动亮室内外太阳能庭院投光灯,26.793200,,商机组货：太阳能庭院灯,1件起购|退货包运费|先采后付,中山市雷芒照明有限公司,http://shop93417okd07976.1688.com,https://cbu01.alicdn.com/img/ibank/O1CN01vBgxfQ1zTWVvtAYgW_!!2216032106715-0-cib.jpg_460x460q100.jpg_.webp,灯饰照明 > 室外照明灯具 > 太阳能灯,3371件（1830笔）,100以内,99%,2024-03-07（841天）,,4年,,
%CD%B6%B9%E2%B5%C6_page14,太阳能投光灯户外照明庭院灯大功率新农村光伏太阳能路灯厂家批发,27,,投光灯榜第2名,1件起购|退货包运费|先采后付,中山市崇盛照明有限公司,http://diyiming.1688.com,https://cbu01.alicdn.com/img/ibank/O1CN01VgVBgu2DPljcGEh1m_!!2214092078602-0-cib.jpg_460x460q100.jpg_.webp,灯饰照明 > 室外照明灯具 > 太阳能灯,608件（364笔）,100以内,88%,2022-07-09（1448天）,,5年,,
%CD%B6%B9%E2%B5%C6_page14,220v船用旋转氙气灯探照灯 码头水库防水户外远程led投光灯监狱灯,400,,"9人评价""射程远""",1件起购|退货包运费|先采后付,中山市丽盟照明科技有限公司,http://shop5774867l29nf6.1688.com,https://cbu01.alicdn.com/img/ibank/O1CN01eXkMzM1emfLhNTVef_!!2217908503914-0-cib.jpg_460x460q100.jpg_.webp,灯饰照明 > 室外照明灯具 > 投光灯,180件（110笔）,100以内,91%,2024-05-24（763天）,,3年,,
%CD%B6%B9%E2%B5%C6_page14,太阳能投光灯热销红外线广告灯摄像头夜视监控防水白光led补光灯,35.82400,,"9人评价""效果真的很不错""",1件起购|退货包运费|先采后付,深圳市森柏莱照明有限公司,http://sunbri.1688.com,https://cbu01.alicdn.com/img/ibank/O1CN01oiw2uB1gMDX7FOnpI_!!1617024127-0-cib.jpg_460x460q100.jpg_.webp,灯饰照明 > 室外照明灯具 > 投光灯,2190件（217笔）,100以内,95%,2021-03-29（1915天）,,14年,,
%CD%B6%B9%E2%B5%C6_page14,光硕士太阳能照明灯户外家用庭院灯天黑自动亮农村感应灯超亮路灯投光灯,24.76,,商机组货：太阳能庭院灯,1件起购|退货包运费|先采后付,中山市雷芒照明有限公司,http://shop93417okd07976.1688.com,https://cbu01.alicdn.com/img/ibank/O1CN01DSuzq51zTWR67zevm_!!2216032106715-0-cib.jpg_460x460q100.jpg_.webp,灯饰照明 > 室外照明灯具 > 太阳能灯,1286件（948笔）,100以内,99%,2023-06-30（1092天）,,4年,,
%CD%B6%B9%E2%B5%C6_page14,光硕士太阳能灯户外家用庭院灯天黑自动亮路灯农村感应灯超亮led投光灯,12.35,,近90天低价｜商机组货：太阳能庭院灯,1件起购|退货包运费|先采后付,中山市雷芒照明有限公司,http://shop93417okd07976.1688.com,https://cbu01.alicdn.com/img/ibank/O1CN01zZFnt81zTWh2ps70E_!!2216032106715-0-cib.jpg_460x460q100.jpg_.webp,灯饰照明 > 室外照明灯具 > 太阳能灯,2648件（2150笔）,400+,99%,2023-06-24（1098天）,,4年,,
%CD%B6%B9%E2%B5%C6_page14,上海亚明Led塔吊灯1000瓦建筑之星大功率照明超壳工地探照灯2000w,1022200,,,1件起购|退货包运费|先采后付,佛山市伍羊照明有限公司,http://shop8u5k785017lc4.1688.com?tracelog=p4p,https://cbu01.alicdn.com/img/ibank/O1CN01ygnuG11plFsXC6xbu_!!2217707045400-0-cib.jpg_460x460q100.jpg_.webp,灯饰照明 > 室外照明灯具 > 探照灯,2207件（546笔）,100以内,97%,2024-04-06（811天）,,3年,,
%CD%B6%B9%E2%B5%C6_page14,跨境新款太阳能板太阳能灯满天星投光灯LED东南亚热卖庭院,182100,,近90天低价｜商机组货：太阳能庭院灯,1件起购|退货包运费|先采后付,中山市尚韬灯饰有限公司,http://shop7130ui4650s96.1688.com,https://cbu01.alicdn.com/img/ibank/O1CN01kBi5m71EqABhuDvjU_!!2208136880402-0-cib.jpg_460x460q100.jpg_.webp,灯饰照明 > 室外照明灯具 > 太阳能灯,2201件（273笔）,100以内,91%,2022-05-06（1512天）,,7年,,
%CD%B6%B9%E2%B5%C6_page14,led投光灯跨境户外射灯探照灯防水泛光灯仓库厂房室外庭院,18.2,,,退货包运费|先采后付|回头率37%,杭州市拱墅区炫明照明商行,http://shop6a960955398a9.1688.com?tracelog=p4p,https://cbu01.alicdn.com/img/ibank/O1CN01fTveb51L1VrTrnGJW_!!2222133371239-0-cib.jpg_460x460q100.jpg_.webp,灯饰照明 > 室外照明灯具 > 投光灯,-,100以内,100%,2026-06-09（17天）,,1年,37%,
%CD%B6%B9%E2%B5%C6_page14,太阳能灯户外庭院灯天黑自动亮投光灯惠民款外贸爆款厂家直···,13.8,,商机组货：太阳能庭院灯,1件起购|退货包运费|先采后付,中山市易明照明有限公司,http://shop1684e42404650.1688.com,https://cbu01.alicdn.com/img/ibank/O1CN01YG4l1O2NGHwbmvykF_!!2219228459935-0-cib.jpg_460x460q100.jpg_.webp,灯饰照明 > 室外照明灯具 > 太阳能灯,10136件（7530笔）,100+,96%,2025-02-04（507天）,,2年,,
%CD%B6%B9%E2%B5%C6_page14,光硕士新款太阳能照明灯庭院灯农村户外室内超亮天黑家用自动投光灯路灯,26.48,,商机组货：太阳能庭院灯,1件起购|退货包运费|先采后付,中山市雷芒照明有限公司,http://shop93417okd07976.1688.com,https://cbu01.alicdn.com/img/ibank/O1CN01KkKbqr1zTWdeW1h9B_!!2216032106715-0-cib.jpg_460x460q100.jpg_.webp,灯饰照明 > 室外照明灯具 > 太阳能灯,1721件（1276笔）,100以内,99%,2025-05-19（403天）,,4年,,
%CD%B6%B9%E2%B5%C6_page14,光硕士铝合金新款太阳能灯户外照明庭院灯太阳能投光灯新农村厂家直销,120.18,,商机组货：大面积户外照明灯,1件起购|退货包运费|先采后付,中山市雷芒照明有限公司,http://shop93417okd07976.1688.com,https://cbu01.alicdn.com/img/ibank/O1CN01w3Hykx1zTWgKBbXSC_!!2216032106715-0-cib.jpg_460x460q100.jpg_.webp,灯饰照明 > 室外照明灯具 > 太阳能灯,517件（274笔）,100以内,99%,2025-03-15（468天）,,4年,,
%CD%B6%B9%E2%B5%C6_page15,升降式15~40米led高杆灯港口码头广场灯投光灯升降式高杆灯,25000,,,退货包运费|先采后付,扬德电气集团有限公司,http://shop01968590z5596.1688.com?tracelog=p4p,https://cbu01.alicdn.com/img/ibank/O1CN01XXgHN22B4aWPhFUUs_!!2215538608285-0-cib.jpg_460x460q100.jpg_.webp,灯饰照明 > 室外照明灯具 > 高杆灯,-,100以内,-,2026-01-10（167天）,,4年,,
%CD%B6%B9%E2%B5%C6_page16,工厂直销led透镜投光灯户外泛光灯广告牌门头射灯广场庭院灯批发,30.3,,,退货包运费|先采后付|回头率44%,中山市酷虎照明有限公司,http://shop115h815777694.1688.com?tracelog=p4p,https://cbu01.alicdn.com/img/ibank/O1CN01MQvJZd1wFq09PbMXz_!!2212404266279-0-cib.jpg_460x460q100.jpg_.webp,灯饰照明 > 室外照明灯具 > 投光灯,-,100以内,62%,2025-11-13（225天）,,5年,44%,
%CD%B6%B9%E2%B5%C6_page16,LED碘钨灯工地照明灯大功率300/1000W超亮防水太阳灯强光户外投光,19,,,1件起购|退货包运费|先采后付,中山市文铭品冠照明科技有限公司,http://shop45pz264h38z38.1688.com,https://cbu01.alicdn.com/img/ibank/O1CN01dgfeNJ2HOB1CR7z6H_!!2218269149140-0-cib.jpg_460x460q100.jpg_.webp,灯饰照明 > 室外照明灯具 > 泛光灯,57件（19笔）,100以内,71%,2024-08-09（686天）,,2年,,
%CD%B6%B9%E2%B5%C6_page16,太阳能灯板灯芯户外庭院灯控制板遥控式投光灯led路灯光源板,4.1,,满5000包邮｜全网低价｜比下游同款低79%,1件起购|退货包运费|先采后付,深圳市宏南科技有限公司,http://hongnangkeji.1688.com,https://cbu01.alicdn.com/img/ibank/O1CN011m4hul24mN1zCYqXe_!!3950657433-0-cib.jpg_460x460q100.jpg_.webp,灯饰照明 > 室外照明灯具 > 太阳能灯,28325件（1467笔）,100以内,100%,2025-02-27（484天）,,9年,,
%CD%B6%B9%E2%B5%C6_page16,跨境定制led投光灯500W400W泛光灯户外球场码头投射灯模组隧道灯,105,,分享再减10元,先采后付|定制,东莞市昕洋照明科技有限公司,http://dgxyzm.1688.com?tracelog=p4p,https://cbu01.alicdn.com/img/ibank/O1CN01bpnchh1Q2x0NuayHf_!!2206538461919-0-cib.jpg_460x460q100.jpg_.webp,灯饰照明 > 室外照明灯具 > 投光灯,-,100以内,0%,2021-08-02（1789天）,,7年,,
%CD%B6%B9%E2%B5%C6_page16,LED户外大功率投光灯工程强光防水探照投射灯工厂车间广场照明灯,55900,,"6人评价""服务很好""",退货包运费|先采后付|回头率31%,河北亚明光电科技有限公司,http://shop1492685038073.1688.com,https://cbu01.alicdn.com/img/ibank/O1CN019dcMsu1p2MxudTnv7_!!3251205302-0-cib.jpg_460x460q100.jpg_.webp,灯饰照明 > 室外照明灯具 > 投光灯,954件（21笔）,100以内,72%,2024-12-28（545天）,,10年,31%,
%CD%B6%B9%E2%B5%C6_page16,太阳能灯家用户外庭院灯新农村LED投光灯超亮防水太阳能照明厂家,15.9,,近90天低价｜商机组货：太阳能庭院灯,1件起购|退货包运费|先采后付,中山市亮珀照明有限公司,http://shop5gk407j036j95.1688.com,https://cbu01.alicdn.com/img/ibank/O1CN01vV4I9Z2DjvCuzekUI_!!2215453098646-0-cib.jpg_460x460q100.jpg_.webp,灯饰照明 > 室外照明灯具 > 太阳能灯,6833件（1023笔）,100以内,83%,2023-02-16（1226天）,,4年,,
%CD%B6%B9%E2%B5%C6_page16,led泛光灯超亮户外防水照明小苹果投光灯50w宽压投光灯庭院投射灯,14.666,,投光灯榜第1名,1件起购|退货包运费|先采后付,中山市赢烽照明有限公司,http://shop1363798609816.1688.com,https://cbu01.alicdn.com/img/ibank/O1CN01d5oExO2399Wq26aCa_!!1109737212-0-cib.jpg_460x460q100.jpg_.webp,灯饰照明 > 室外照明灯具 > 投光灯,63846件（1101笔）,100以内,90%,2020-09-25（2100天）,,7年,,
%CD%B6%B9%E2%B5%C6_page16,新款跨境太阳能投光灯户外照明庭院灯家用LED大功率防水太阳能灯,25.99,,当月上新,1件起购|退货包运费|先采后付,中山市千鼎盛世照明有限公司,http://shop03y2354327389.1688.com,https://cbu01.alicdn.com/img/ibank/O1CN01hk1VlD1ilWpEDhNlm_!!2222243304453-0-cib.jpg_460x460q100.jpg_.webp,灯饰照明 > 室外照明灯具 > 太阳能灯,-,100以内,100%,2026-06-02（24天）,,1年,,
%CD%B6%B9%E2%B5%C6_page16,太阳能灯投光灯室内室外阳台走廊路灯防水庭院灯跨境专供厂家直供,23.4,,元宝可抵1%,1件起购|退货包运费|先采后付,中山市星承照明有限公司,http://shop669o321144f05.1688.com,https://cbu01.alicdn.com/img/ibank/O1CN01TQ0REp1j20wkFYRjR_!!2218846094489-0-cib.jpg_460x460q100.jpg_.webp,灯饰照明 > 室外照明灯具 > 太阳能灯,237件（28笔）,100以内,85%,2024-11-07（596天）,,2年,,
%CD%B6%B9%E2%B5%C6_page16,大功率足球场灯户外篮球场广场高杆投光灯LED模组1500W球场照明灯,409,,,1件起购|退货包运费|先采后付,广州市龙代光电照明有限公司,http://shop1490289251491.1688.com?tracelog=p4p,https://cbu01.alicdn.com/img/ibank/O1CN017p6JMA1U5Tl5dEnX0_!!3216792466-0-cib.jpg_460x460q100.jpg_.webp,灯饰照明 > 室外照明灯具 > 高杆灯,6件（6笔）,100以内,100%,2025-01-24（518天）,,10年,,
%CD%B6%B9%E2%B5%C6_page16,佛山照明户外防水照明灯室外仓库庭院超亮泛光灯大功率LED投光灯,72,,近90天低价,1件起购|退货包运费|先采后付,佛山电器照明股份有限公司高明分公司,http://shop22i537955z252.1688.com,https://cbu01.alicdn.com/img/ibank/O1CN01l3I5NA1vG0XeUS9OC_!!2220376236144-0-cib.jpg_460x460q100.jpg_.webp,灯饰照明 > 室外照明灯具 > 投光灯,461件（81笔）,100以内,98%,2025-08-14（316天）,,1年,,佛山照明
%CD%B6%B9%E2%B5%C6_page17,户外大功率led投光灯超亮防水篮球场广场工地模组高杆照明泛光灯,450,,,1件起购|退货包运费|先采后付,深圳市雷普斯照明电器有限公司,http://leipushi01.1688.com?tracelog=p4p,https://cbu01.alicdn.com/img/ibank/O1CN01d6FBie2E5uKa5tfs7_!!1001248694-0-cib.jpg_460x460q100.jpg_.webp,灯饰照明 > 室外照明灯具 > 投光灯,-,100以内,60%,2024-03-15（833天）,,15年,,
%CD%B6%B9%E2%B5%C6_page17,颖朗太阳能灯led庭院户外露营地防水新农村照明户外庭院投光灯,139,,,1件起购|退货包运费|后天达,深圳市金典电子科技有限公司,http://shop1457399555502.1688.com?tracelog=p4p,https://cbu01.alicdn.com/img/ibank/O1CN01WPTJ082GR5sqviAb4_!!2828029011-0-cib.jpg_460x460q100.jpg_.webp,灯饰照明 > 室外照明灯具 > 投光灯,4989件（113笔）,100以内,100%,2018-02-23（3045天）,,11年,,
%CD%B6%B9%E2%B5%C6_page17,跨境rgb小苹果投光灯七彩遥控变色led照树灯户外园林景观射树灯,335200,,,1件起购|退货包运费|先采后付,中山市赢烽照明有限公司,http://shop1363798609816.1688.com?tracelog=p4p,https://cbu01.alicdn.com/img/ibank/O1CN01Z3CMaE2399AbAXtmG_!!1109737212-0-cib.jpg_460x460q100.jpg_.webp,灯饰照明 > 室外照明灯具 > 投光灯,4698件（403笔）,100以内,90%,2022-03-29（1550天）,,7年,,
%CD%B6%B9%E2%B5%C6_page17,led投光灯高亮度户外球场工地防水大功率照明灯批发工程投光灯,36,,当月上新,1件起购|退货包运费|先采后付,江门瑞满照明有限公司,http://shop4q08s61064958.1688.com?tracelog=p4p,https://cbu01.alicdn.com/img/ibank/O1CN01vLwUsf1YLkNIFmg1X_!!2221376533043-0-cib.jpg_460x460q100.jpg_.webp,灯饰照明 > 室外照明灯具 > 投光灯,-,100以内,83%,2026-06-03（23天）,,1年,,
%CD%B6%B9%E2%B5%C6_page17,亚明led蚂蚁款投光灯户外防水广告照明投射灯高亮足瓦泛光灯批发,23.75,,元宝可抵5%,1件起购|退货包运费|先采后付,三零光电科技(临沂)有限公司,http://shop11071p041l696.1688.com?tracelog=p4p,https://cbu01.alicdn.com/img/ibank/O1CN01Hlv1f81zD2QgQmGBp_!!2217295896679-0-cib.jpg_460x460q100.jpg_.webp,灯饰照明 > 室外照明灯具 > 投光灯,3733件（84笔）,100以内,97%,2024-02-25（852天）,,3年,,
%CD%B6%B9%E2%B5%C6_page17,跨境LED蚂蚁投光灯透镜款射灯50W100W户外防水工地泛光灯源头厂家,9.00,,输入电压:220｜产地:广东中山｜颜色:沙灰,先采后付|近期多人加购,中山市酷虎照明有限公司,https://shop115h815777694.1688.com,https://cbu01.alicdn.com/img/ibank/O1CN01XlADf91wFpzcGelm9_!!2212404266279-0-cib.jpg_460x460q100.jpg_.webp,,,,,,,,,
%CD%B6%B9%E2%B5%C6_page18,自动升降高杆灯15~50米LED高杆灯港口码头广场灯高杆投光灯,25000,,,退货包运费|先采后付,扬德电气集团有限公司,http://shop01968590z5596.1688.com?tracelog=p4p,https://cbu01.alicdn.com/img/ibank/O1CN01jeg5hw2B4aVHHjLE0_!!2215538608285-0-cib.jpg_460x460q100.jpg_.webp,灯饰照明 > 室外照明灯具 > 高杆灯,-,100以内,-,2025-10-21（248天）,,4年,,
%CD%B6%B9%E2%B5%C6_page18,720W投光灯体育场投光灯高速摄影投光灯广场灯码头灯足球场灯照明,5200,,,先采后付|回头率54%,深圳市康鹏达光电科技有限公司,http://shop1387772263001.1688.com?tracelog=p4p,https://cbu01.alicdn.com/img/ibank/2019/523/976/11170679325_2023461439.jpg_460x460q100.jpg_.webp,灯饰照明 > 室外照明灯具 > 投光灯,-,100以内,0%,2019-05-28（2586天）,,12年,54%,
%CD%B6%B9%E2%B5%C6_page18,跨境万圣节鬼屋紫光灯395nmUV投光灯30-400W室外室内荧光灯批发,28.50,成交0.8万+元,输入电压:220｜颜色:黑色｜重量:详情请咨询,先采后付|近期多人加购,中山市酷虎照明有限公司,https://shop115h815777694.1688.com,https://cbu01.alicdn.com/img/ibank/O1CN01b1CmsO1wFpqEkmAif_!!2212404266279-0-cib.jpg_460x460q100.jpg_.webp,,,,,,,,,
%CD%B6%B9%E2%B5%C6_page18,太阳能一体人体感应灯庭院路灯户外投光灯跨境墙面墙壁灯车库灯,16.10,,主要下游平台:独立站等｜开关类型:感应式｜风格:户外等,先采后付|近期多人加购,义乌南栖户外用品有限公司,https://shop58j454fb61587.1688.com,https://cbu01.alicdn.com/img/ibank/O1CN01xfobFm201Q26nGdjk_!!2221175186789-0-cib.jpg_460x460q100.jpg_.webp,,,,,,,,,
%CD%B6%B9%E2%B5%C6_page18,【哇奥】led模组投光灯隧道灯户外工地球场高流明照明灯厂家批发,45.00,,输入电压:220｜颜色:黑色｜重量:5400,深度验厂|先采后付|近期多人加购,中山市卓程照明有限公司,https://zhuochengled.1688.com,https://cbu01.alicdn.com/img/ibank/O1CN01GPAnd01Cq2sBqeQKs_!!2732450131-0-cib.jpg_460x460q100.jpg_.webp,,,,,,,,,
%CD%B6%B9%E2%B5%C6_page18,跨境LED投光灯蚂蚁射灯50W100W户外防水工地泛光灯球场照明灯厂家,9.00,成交0.5万+元,输入电压:220｜颜色:黑色压铸铝壳｜主要销售地区:欧洲等,深度验厂|先采后付|30+人已加购,中山市启轩照明有限公司,https://shop366t7761m4070.1688.com,https://cbu01.alicdn.com/img/ibank/O1CN01c2DKIw1zkvlwiCqRc_!!2214269426753-0-cib.jpg_460x460q100.jpg_.webp,,,,,,,,,
%CD%B6%B9%E2%B5%C6_page19,太阳能投光灯户外感应家用景观庭院灯路灯led超亮壁灯厂家批发,38.61,,分享再减18元,1件起购|退货包运费|先采后付,中山市欧千莱照明科技有限公司,http://shop7775867v72709.1688.com,https://cbu01.alicdn.com/img/ibank/O1CN017ki4t51foKNgo4oXS_!!2222089944053-0-cib.jpg_460x460q100.jpg_.webp,灯饰照明 > 室外照明灯具 > 太阳能灯,16件（16笔）,100以内,100%,2026-03-07（111天）,,1年,,
%CD%B6%B9%E2%B5%C6_page19,LED泛光灯500W智能4G控制250W鳍片模组隧道灯1000W高杆广告招牌灯,280100,,,1件起购|退货包运费|3天达,江门市华启照明科技有限公司,http://18029669565.1688.com,https://cbu01.alicdn.com/img/ibank/O1CN01rVTu672FMgT0YM2Mw_!!2217681628866-0-cib.jpg_460x460q100.jpg_.webp,灯饰照明 > 室外照明灯具 > 泛光灯,128件（86笔）,100以内,100%,2024-04-17（800天）,,3年,,
%CD%B6%B9%E2%B5%C6_page19,led投光灯防水超亮射灯广场庭院厂房仓库工地照明灯车间用灯批发,26.99,,功能上新 光控自动启停,1件起购|退货包运费|先采后付,中山市千鼎盛世照明有限公司,http://shop03y2354327389.1688.com,https://cbu01.alicdn.com/img/ibank/O1CN01zdC2HK1ilWpFulVFZ_!!2222243304453-0-cib.jpg_460x460q100.jpg_.webp,灯饰照明 > 室外照明灯具 > 太阳能灯,-,100以内,100%,2026-06-02（24天）,,1年,,
%CD%B6%B9%E2%B5%C6_page19,太阳能照明灯户外庭院灯家用大功率超亮防水道路led投光灯直供,70100,,元宝可抵1%,1件起购|后天达|回头率44%,江门市邀月照明有限公司,http://shop8305u55i731q9.1688.com,https://cbu01.alicdn.com/img/ibank/O1CN0143uXOf1s7ME0KF9tY_!!2214307935719-0-cib.jpg_460x460q100.jpg_.webp,灯饰照明 > 室外照明灯具 > 太阳能灯,105件（94笔）,100以内,98%,2023-04-10（1173天）,,4年,44%,
%CD%B6%B9%E2%B5%C6_page19,跨境直供 优质120W/150W/400W/500W手提式R7S卤素泛光工作灯,6530,,分享再减10元,1件起购|退货包运费|先采后付,宁波市韦德照明科技有限公司,http://wade0753.1688.com,https://cbu01.alicdn.com/img/ibank/11854757887_87218736.jpg_460x460q100.jpg_.webp,灯饰照明 > 室外照明灯具 > 泛光灯,32件（8笔）,100以内,50%,2025-03-24（459天）,,16年,,
%CD%B6%B9%E2%B5%C6_page19,led投光灯50w100w150w户外庭院灯泛光照明灯具防雨一线天灯具批发,228700,,,1件起购|退货包运费|回头率54%,中山市月旺智照明厂,http://shop526g5983311u2.1688.com,https://cbu01.alicdn.com/img/ibank/O1CN01S1Y7P01Cp8BBRP7IR_!!2220558910129-0-cib.jpg_460x460q100.jpg_.webp,灯饰照明 > 室外照明灯具 > 投光灯,8513件（785笔）,100以内,95%,2025-09-01（298天）,,1年,54%,
%CD%B6%B9%E2%B5%C6_page19,强光led充电投光灯长续航工地施工照明灯手提移动救援抢修应急灯,109,,近48天低价,1件起购|退货包运费|先采后付,常州希本光语照明科技有限公司,http://shop32s774v576990.1688.com,https://cbu01.alicdn.com/img/ibank/O1CN01Dw45qX2Iuz8XacWKb_!!2212485539347-0-cib.jpg_460x460q100.jpg_.webp,灯饰照明 > 室外照明灯具 > 投光灯,781件（186笔）,100以内,99%,2022-03-29（1550天）,,5年,,
%CD%B6%B9%E2%B5%C6_page19,led70W110V铲灯射灯COB展览标摊桁架展会灯光广告泛光会投光灯,62,,,1件起购|退货包运费|先采后付,中山市展之亮照明有限公司,http://shop47348627k1691.1688.com?tracelog=p4p,https://cbu01.alicdn.com/img/ibank/O1CN01NaQTIG28wgO75W2Ud_!!2218488887997-0-cib.jpg_460x460q100.jpg_.webp,灯饰照明 > 室外照明灯具 > 泛光灯,53件（12笔）,100以内,100%,2024-08-24（671天）,,2年,,
%CD%B6%B9%E2%B5%C6_page19,亚明led超亮投光灯广告招牌门头照明路灯防水仓库车间厂房摆摊灯,2440,,,1件起购|退货包运费|先采后付,佛山市龙光照明有限公司,http://shop096d189d84532.1688.com,https://cbu01.alicdn.com/img/ibank/O1CN011H21v61MpirGLgbOl_!!2220904201484-0-cib.jpg_460x460q100.jpg_.webp,灯饰照明 > 室外照明灯具 > 投光灯,36件（9笔）,100以内,99%,2025-10-13（256天）,,1年,,
%CD%B6%B9%E2%B5%C6_page2,照树灯景观射灯庭院花园插地灯七彩射树灯户外防水园林草坪投光灯,940,,当季上新,1件起购|退货包运费|先采后付,中山市龙贵灯饰有限公司,http://shop2609y21068e91.1688.com?tracelog=p4p,https://cbu01.alicdn.com/img/ibank/O1CN01NgwXqq1m4iFzddg20_!!2212552444901-0-cib.jpg_460x460q100.jpg_.webp,灯饰照明 > 室外照明灯具 > 投光灯,31件（3笔）,100以内,37%,2026-05-06（51天）,,5年,,
%CD%B6%B9%E2%B5%C6_page2,太阳能投光灯庭院灯天黑自动亮灯LED家用灯现货批发防水感应灯,39,,,1件起购|退货包运费|先采后付,中山市禹生照明有限公司,http://shop80618f67m50z0.1688.com,https://cbu01.alicdn.com/img/ibank/O1CN01CaRpxM1i4TaLkAa9e_!!2222174644359-0-cib.jpg_460x460q100.jpg_.webp,灯饰照明 > 室外照明灯具 > 太阳能灯,5件（5笔）,100以内,100%,2026-04-09（78天）,,1年,,
%CD%B6%B9%E2%B5%C6_page2,新投光灯太阳能庭院户外灯曲面照明灯家用室外球场防水强光路灯,228,,分享再减18元,1件起购|退货包运费|先采后付,中山市欧千莱照明科技有限公司,http://shop7775867v72709.1688.com,https://cbu01.alicdn.com/img/ibank/O1CN01FC536F2DYTaEGOjGD_!!4611686018427386157-0-item_pic.jpg_460x460q100.jpg_.webp,灯饰照明 > 室外照明灯具 > 太阳能灯,6件（5笔）,100以内,100%,2026-04-23（64天）,,1年,,
%CD%B6%B9%E2%B5%C6_page2,跨境大厂现货太阳能灯户外家用农村超亮投光灯庭院灯防水LED灯,8.9600,,,1件起购|退货包运费|先采后付,中山市柒染照明科技有限公司,http://shop000c6504460c6.1688.com,https://cbu01.alicdn.com/img/ibank/O1CN01rEs09b2EQWM1LjvSJ_!!2222240648739-0-cib.jpg_460x460q100.jpg_.webp,灯饰照明 > 室外照明灯具 > 太阳能灯,516件（45笔）,100以内,80%,2026-04-20（67天）,,1年,,
%CD%B6%B9%E2%B5%C6_page20,led塔吊灯大功率强光1000瓦工地照明灯户外防水探照投光大灯2000W,94.5,,,1件起购|退货包运费|先采后付,临沂布洛克光电科技有限公司,http://shop70585lc914111.1688.com,https://cbu01.alicdn.com/img/ibank/O1CN012OCvMZ1yHKYSIjX7P_!!2220373906553-0-cib.jpg_460x460q100.jpg_.webp,灯饰照明 > 室外照明灯具 > 投光灯,422件（17笔）,100以内,97%,2025-11-07（231天）,,1年,,
%CD%B6%B9%E2%B5%C6_page20,跨境太阳能灯户外长续航照明投光灯充电家用led应急超亮灯泡灯,10.5,,本周上新,1件起购|退货包运费|先采后付,中山市昭晖照明有限公司,http://shop6rr0i03984438.1688.com,https://cbu01.alicdn.com/img/ibank/O1CN01u5bA281wtE6bXAU8K_!!2222618026365-0-cib.jpg_460x460q100.jpg_.webp,灯饰照明 > 室外照明灯具 > 太阳能灯,-,100以内,65%,2026-06-20（6天）,,1年,,
%CD%B6%B9%E2%B5%C6_page20,户外led投光灯加粗支架防水射灯杆室外灯杆招牌广告牌门头商铺杆,11,,,1件起购|退货包运费|后天达,中山市鸿恒照明电器有限公司,http://honghzm.1688.com,https://cbu01.alicdn.com/img/ibank/O1CN01spbN8G1raNgmurYxk_!!2219655865647-0-cib.jpg_460x460q100.jpg_.webp,灯饰照明 > 室外照明灯具 > 投光灯,176件（14笔）,100以内,100%,2025-11-19（219天）,,2年,,
%CD%B6%B9%E2%B5%C6_page20,led户外照明灯强光探照灯地施应急球场移动作灯充电投光灯,125.7,,,1件起购|退货包运费|先采后付,东莞市窗前的光工贸有限公司,http://shop077466v554493.1688.com,https://cbu01.alicdn.com/img/ibank/O1CN01HvsBZt2IYXjdIMrX2_!!2220745609298-0-cib.jpg_460x460q100.jpg_.webp,灯饰照明 > 室外照明灯具 > 投光灯,-,100以内,76%,2026-01-04（173天）,,1年,,
%CD%B6%B9%E2%B5%C6_page20,led投光灯圆形防水地插灯户外草坪灯庭院512DMX七彩景观灯射树灯,2270,,,1件起购|退货包运费|先采后付,中山市亚岛照明科技有限公司,http://shop933727199d5z8.1688.com,https://cbu01.alicdn.com/img/ibank/O1CN01i9tcTO1Cdg5MoLx9l_!!2214387790104-0-cib.jpg_460x460q100.jpg_.webp,灯饰照明 > 室外照明灯具 > 投光灯,72件（34笔）,100以内,91%,2025-09-03（296天）,,4年,,
%CD%B6%B9%E2%B5%C6_page20,led投光灯蚂蚁款高亮足瓦厂房工地施工照明防晒户外广告摆摊灯,23.970,,,1件起购|退货包运费|后天达,金牛区叶氏光屿商贸部,http://shop3942178138d42.1688.com,https://cbu01.alicdn.com/img/ibank/O1CN01IZQbkQ1P6KRBw9OOU_!!2219587871791-0-cib.jpg_460x460q100.jpg_.webp,灯饰照明 > 室外照明灯具 > 投光灯,79件（12笔）,100以内,100%,2025-08-18（312天）,,2年,,
%CD%B6%B9%E2%B5%C6_page20,亚明led投光灯户外防水招牌射灯庭院球场50W照明灯工地探照射灯,22900,,商机组货：大面积户外照明灯,1件起购|退货包运费|3天达,佛山市伍华照明有限公司,http://shop1y9613xt69384.1688.com,https://cbu01.alicdn.com/img/ibank/O1CN01db9xy62DjvTmB3Vot_!!2220916638646-0-cib.jpg_460x460q100.jpg_.webp,灯饰照明 > 室外照明灯具 > 投光灯,941件（75笔）,100以内,98%,2025-10-03（266天）,,1年,,
%CD%B6%B9%E2%B5%C6_page20,跨境满天星太阳能投光灯家用庭院灯户外防水惠民led照明太阳能灯,1570,,商机组货：大面积户外照明灯,1件起购|退货包运费|先采后付,中山市鹏汇照明厂,http://shop9806g13633575.1688.com,https://cbu01.alicdn.com/img/ibank/O1CN01NGwiiD2FnhwOXzfTU_!!2219698618925-0-cib.jpg_460x460q100.jpg_.webp,灯饰照明 > 室外照明灯具 > 太阳能灯,149件（37笔）,100以内,100%,2025-05-07（415天）,,2年,,
%CD%B6%B9%E2%B5%C6_page21,明华亚明led投光灯50W100瓦射灯探照泛光灯户外广告工厂车间照明,22.32,,分享再减6元｜近23天低价｜泛光灯榜第20名,1件起购|退货包运费|后天达,钟楼区邹区文滢灯饰经营部,http://shop0291482979881.1688.com,https://cbu01.alicdn.com/img/ibank/O1CN01wiEdiT1XxvlZIaJCJ_!!2215842712991-0-cib.jpg_460x460q100.jpg_.webp,灯饰照明 > 室外照明灯具 > 投光灯,1616件（270笔）,100以内,100%,2023-05-24（1129天）,,4年,,
%CD%B6%B9%E2%B5%C6_page22,神火FS1-E移动防水充电投光灯工地户外应急照明手提探照灯室外,55,,,退货包运费|后天达|先采后付,深圳市神火工-神火照明,http://superfiregongye.1688.com?tracelog=p4p,https://cbu01.alicdn.com/img/ibank/O1CN01EEhrfG2ClTDk7zHMr_!!2211423328514-0-cib.jpg_460x460q100.jpg_.webp,灯饰照明 > 室外照明灯具 > 投光灯,-,100以内,97%,2026-01-09（168天）,,6年,,
%CD%B6%B9%E2%B5%C6_page22,48W一束光18W洗墙灯聚光72w投光灯长条聚光灯36W投光灯24w投射灯,285,,元宝可抵1%,退货包运费|先采后付|回头率12%,中山市迪日照明科技有限公司,http://shop7h0em89255261.1688.com?tracelog=p4p,https://cbu01.alicdn.com/img/ibank/O1CN01kgdkLp1VKQ9clAUED_!!2210307462634-0-cib.jpg_460x460q100.jpg_.webp,灯饰照明 > 室外照明灯具 > 投光灯,-,100以内,0%,2023-03-07（1207天）,,6年,12%,
%CD%B6%B9%E2%B5%C6_page22,LED投光灯太阳能感应路灯户外公园小区照明桥梁亮化灯室外超亮,70,,,1件起购|退货包运费|先采后付,中山市欧润特新能源科技有限公司,http://shop7rec927724571.1688.com?tracelog=p4p,https://cbu01.alicdn.com/img/ibank/O1CN01qB7YA722vrwu3zzGE_!!2217191767183-0-cib.jpg_460x460q100.jpg_.webp,灯饰照明 > 室外照明灯具 > 投光灯,-,100以内,20%,2024-11-11（592天）,,3年,,
%CD%B6%B9%E2%B5%C6_page22,跨境太阳能LED面包灯 USB充电投光灯户外露营路灯手提式应急灯,14.560,,当季上新,1件起购|退货包运费|先采后付,中山市渥朗照明厂,http://shop1977y752e3n85.1688.com,https://cbu01.alicdn.com/img/ibank/O1CN01fFrgHy1KiHEO3qxih_!!2222442251197-0-cib.jpg_460x460q100.jpg_.webp,灯饰照明 > 室外照明灯具 > 太阳能灯,10件（10笔）,100以内,96%,2026-05-14（43天）,,1年,,
%CD%B6%B9%E2%B5%C6_page22,太阳能手提灯充电投光灯超亮家用夜市地摊灯户外多功能露营应急灯,14.54,,,退货包运费|先采后付|回头率57%,中山市台鑫灯饰厂,http://shop206646h2607x1.1688.com,https://cbu01.alicdn.com/img/ibank/O1CN01DHZKf61PTE1lHiHv9_!!2216111481841-0-cib.jpg_460x460q100.jpg_.webp,灯饰照明 > 室外照明灯具 > 太阳能灯,44070件（388笔）,100以内,23%,2023-07-10（1082天）,,3年,57%,
%CD%B6%B9%E2%B5%C6_page22,太阳能灯户外庭院灯六面家用室内防水超亮LED新款2024农村投光灯,279400,,,1件起购|退货包运费|3天达,江门市天晨新能源有限公司,http://shop79t7232m61z06.1688.com?tracelog=p4p,https://cbu01.alicdn.com/img/ibank/O1CN01hCdE821sYNTZCCWHh_!!2215418565778-0-cib.jpg_460x460q100.jpg_.webp,灯饰照明 > 室外照明灯具 > 投光灯,525件（146笔）,100以内,97%,2024-11-09（594天）,,4年,,
%CD%B6%B9%E2%B5%C6_page22,新款超薄太阳能投光灯户外农村智能门口家用照明分体led中山灯具,68100,,元宝可抵1%,1件起购|退货包运费|先采后付,中山市美力熊科技有限公司,http://mlxled.1688.com,https://cbu01.alicdn.com/img/ibank/O1CN01uHhvzu1gUv6KFe4E1_!!2209618424146-0-cib.jpg_460x460q100.jpg_.webp,灯饰照明 > 室外照明灯具 > 投光灯,304件（61笔）,100以内,87%,2024-09-10（654天）,,6年,,
%CD%B6%B9%E2%B5%C6_page22,户外超亮投光灯200w防水广场体育蓝球场广告牌照明防水LED室外灯,37.5,,,1件起购|退货包运费|先采后付,临沂市兰山区熠熠生辉灯具商行,http://shop1478192330883.1688.com,https://cbu01.alicdn.com/img/ibank/O1CN0183qeUj1nKZAwE7xkp_!!3018155071-0-cib.jpg_460x460q100.jpg_.webp,灯饰照明 > 室外照明灯具 > 投光灯,-,100以内,1%,2021-12-10（1659天）,,10年,,
%CD%B6%B9%E2%B5%C6_page23,户外投光灯足功率高亮广告工地绿化庭院IP65防水超薄外贸led射灯,28.8,,分享再减20元,1件起购|退货包运费|先采后付,中山市山科仕科技有限公司,http://shop7341k32b681k4.1688.com,https://cbu01.alicdn.com/img/ibank/O1CN01F8iNsQ244P57X7RKV_!!2222336637337-0-cib.jpg_460x460q100.jpg_.webp,灯饰照明 > 室外照明灯具 > 投光灯,-,100以内,79%,2026-06-15（11天）,,1年,,
%CD%B6%B9%E2%B5%C6_page23,跨境太阳能手提灯充电投光灯户外露营灯便携家用移动应急照明灯,12.52900,,,1件起购|退货包运费|先采后付,中山市皓益照明厂,http://shop88615j0183h30.1688.com,https://cbu01.alicdn.com/img/ibank/O1CN01hcyrsy2MCKmV2Amp5_!!2215447859791-0-cib.jpg_460x460q100.jpg_.webp,灯饰照明 > 室外照明灯具 > 太阳能灯,3023件（374笔）,100以内,68%,2023-11-27（942天）,,4年,,
%CD%B6%B9%E2%B5%C6_page23,亞明照明led投光灯超亮厂房车间耐高温户外防水工地照明泛光灯,13900,,"7人评价""安装简单""",1件起购|退货包运费|后天达,佛山市妙阳电子商务有限公司,http://shop84761583z9j15.1688.com,https://cbu01.alicdn.com/img/ibank/O1CN01idZ73D1lPURAoFsg9_!!2217049294811-0-cib.jpg_460x460q100.jpg_.webp,灯饰照明 > 室外照明灯具 > 投光灯,1654件（229笔）,100以内,99%,2024-01-16（892天）,,3年,,
%CD%B6%B9%E2%B5%C6_page23,热销太阳能充电手提投光灯户外露营灯超亮便携家用移动应急照明灯,13.82,,,退货包运费|先采后付|回头率69%,中山市新风向照明电器厂,http://shop582g8g1287f80.1688.com,https://cbu01.alicdn.com/img/ibank/O1CN0197oguh1BsxmxeC78G_!!2218588150002-0-cib.jpg_460x460q100.jpg_.webp,灯饰照明 > 室外照明灯具 > 太阳能灯,22491件（45笔）,100以内,98%,2024-09-13（651天）,,2年,69%,
%CD%B6%B9%E2%B5%C6_page23,太阳能投光灯户外天黑自动亮家用户外庭院灯防水新农村照明路灯,16.830,,近90天低价,1件起购|退货包运费|先采后付,中山市勒歌照明厂,http://shop561kjz5451534.1688.com,https://cbu01.alicdn.com/img/ibank/O1CN01JPxdA71kZjqlQopr4_!!2222176644698-0-cib.jpg_460x460q100.jpg_.webp,灯饰照明 > 室外照明灯具 > 太阳能灯,20件（14笔）,100以内,100%,2026-03-25（93天）,,1年,,
%CD%B6%B9%E2%B5%C6_page23,天黑自动亮一拖二大功率新农村照明灯家用户外庭院灯太阳能路灯,36,,元宝可抵5%｜商机组货：庭院太阳能氛围灯,1件起购|退货包运费|先采后付,中山市金钇轩灯饰有限公司,http://jyxlighting.1688.com,https://cbu01.alicdn.com/img/ibank/O1CN01cn4kh21JSsDw0E2sg_!!3180741028-0-cib.jpg_460x460q100.jpg_.webp,灯饰照明 > 室外照明灯具 > 太阳能灯,320件（130笔）,100以内,96%,2019-06-02（2581天）,,9年,,
%CD%B6%B9%E2%B5%C6_page23,新款户外太阳能庭院灯花园照明壁灯公园地插式景观照树投光射灯,16600,,,1件起购|退货包运费|明天达,宁海多多户外用品厂,http://shop5a595579f1p96.1688.com,https://cbu01.alicdn.com/img/ibank/O1CN014rkObN1z1aU3fNQPZ_!!2219975466654-0-cib.jpg_460x460q100.jpg_.webp,灯饰照明 > 室外照明灯具 > 太阳能灯,603件（63笔）,100以内,95%,2025-06-12（379天）,,2年,,
%CD%B6%B9%E2%B5%C6_page23,LED投光灯工厂批发地插加厚底座款抱箍抱杆带座圆形射灯18W54W72W,6880,,,1件起购|退货包运费|先采后付,中山市亿格照明工程有限公司,http://shop51353r3161d36.1688.com,https://cbu01.alicdn.com/img/ibank/O1CN01H6V0r21IgKJAXpM1O_!!2220116140922-0-cib.jpg_460x460q100.jpg_.webp,灯饰照明 > 室外照明灯具 > 投光灯,59件（11笔）,100以内,100%,2026-04-21（66天）,,2年,,
%CD%B6%B9%E2%B5%C6_page23,跨境新款LED 太阳能投光灯户外庭院灯 LED投光灯户外工程灯具,65300,,功能上新 三安芯片亮度持久,退货包运费|先采后付|回头率77%,中山市缔佰灯饰厂,http://shop55ik45770k037.1688.com,https://cbu01.alicdn.com/img/ibank/O1CN012Ktby41JnU7K0OSCm_!!2219903801073-0-cib.jpg_460x460q100.jpg_.webp,灯饰照明 > 室外照明灯具 > 投光灯,153件（10笔）,100以内,100%,2026-05-06（51天）,,2年,77%,
%CD%B6%B9%E2%B5%C6_page23,LED模组防眩投光灯APP远程控时调光匹克球羽毛球网球场专用照明灯,52510,,功能上新 防眩光护眼不刺眼,1件起购|退货包运费|先采后付,中山市钧和科技有限公司,http://19250421563.1688.com,https://cbu01.alicdn.com/img/ibank/O1CN01cf4LlD1MRuJGRDjDs_!!2220703291432-0-cib.jpg_460x460q100.jpg_.webp,灯饰照明 > 室外照明灯具 > 投光灯,-,100以内,93%,2026-06-03（23天）,,1年,,
%CD%B6%B9%E2%B5%C6_page23,太阳能投光灯跨境户外庭院照明弧面广角超亮惠民太阳能高亮投光灯,46100,,照明投光灯榜第4名,1件起购|退货包运费|先采后付,中山市富勒照明厂,http://fulezhaoming888.1688.com,https://cbu01.alicdn.com/img/ibank/O1CN01d7jCIE1HXKph0bifW_!!2214650020767-0-cib.jpg_460x460q100.jpg_.webp,灯饰照明 > 室外照明灯具 > 投光灯,94件（66笔）,100以内,100%,2025-04-22（430天）,,4年,,
%CD%B6%B9%E2%B5%C6_page23,跨境太阳能LED灯充电应急家用投光灯户外庭院照明便携露营泛光灯,35,,商机组货：太阳能庭院灯,1件起购|退货包运费|回头率22%,深圳市盛森智能照明科技有限公司,http://ssznzmkj.1688.com,https://cbu01.alicdn.com/img/ibank/O1CN01HrFaoM1wmoWXjjzGG_!!3527586351-0-cib.jpg_460x460q100.jpg_.webp,灯饰照明 > 室外照明灯具 > 太阳能灯,1822件（29笔）,100以内,84%,2022-04-12（1536天）,,9年,22%,
%CD%B6%B9%E2%B5%C6_page23,太阳能户外投光灯聚宝盆爆亮道路农村家用防水大功率太阳能照明灯,3330,,,退货包运费|先采后付|回头率78%,中山市煦阳照明厂,http://shop1p774341d6031.1688.com,https://cbu01.alicdn.com/img/ibank/O1CN01yj3vNP1rLGeDprFzl_!!2221004225614-0-cib.jpg_460x460q100.jpg_.webp,灯饰照明 > 室外照明灯具 > 太阳能灯,10件（1笔）,100以内,94%,2026-04-14（73天）,,1年,78%,
%CD%B6%B9%E2%B5%C6_page23,led投光灯投射灯照树灯户外室外防水七彩rgb金黄光外墙壁灯洗墙灯,120100,,投射灯榜第14名,1件起购|退货包运费|先采后付,中山市炫丰彩照明科技有限公司,http://shop8805956545346.1688.com,https://cbu01.alicdn.com/img/ibank/O1CN01afZbHu1iDd9RdjBXl_!!2214706384379-0-cib.jpg_460x460q100.jpg_.webp,灯饰照明 > 室外照明灯具 > 投光灯,94件（17笔）,100以内,100%,2022-09-14（1381天）,,4年,,
%CD%B6%B9%E2%B5%C6_page23,led投光灯户外防水照明灯高流明泛光灯工地灯黑金刚投光灯,3130,,当季上新,1件起购|退货包运费|先采后付,中山市泓锦特照明科技有限公司,http://shop4z80810476762.1688.com,https://cbu01.alicdn.com/img/ibank/O1CN01pnCHHx1u141TvMnvS_!!2222176545976-0-cib.jpg_460x460q100.jpg_.webp,灯饰照明 > 室外照明灯具 > 投光灯,20件（4笔）,100以内,100%,2026-04-25（62天）,,1年,,
%CD%B6%B9%E2%B5%C6_page23,太阳能投光灯夜市摆摊led家用停电应急灯便携手提充电泛光露营灯,12.32,,元宝可抵1%｜近65天低价,退货包运费|先采后付|回头率50%,中山市普毅照明有限公司,http://shop1n4u763p59656.1688.com,https://cbu01.alicdn.com/img/ibank/O1CN01ZjzWJk2F8UNNDedBG_!!3816908835-0-cib.jpg_460x460q100.jpg_.webp,灯饰照明 > 室外照明灯具 > 投光灯,1927件（5笔）,100以内,99%,2026-04-16（71天）,,9年,50%,
%CD%B6%B9%E2%B5%C6_page23,三雄极光led投光灯室外照明庭院工厂房北极星泛光灯户外广告白灯,3140,,,1件起购|退货包运费|后天达,佛山市晶雅灯饰有限公司,http://shop9541y358212n5.1688.com,https://cbu01.alicdn.com/img/ibank/O1CN01H3gbsu2HmuZX5CVEh_!!2215956939194-0-cib.jpg_460x460q100.jpg_.webp,灯饰照明 > 室外照明灯具 > 泛光灯,45件（10笔）,100以内,87%,2023-06-05（1117天）,,4年,,三雄极光
%CD%B6%B9%E2%B5%C6_page23,LED模组投光灯户外防水防尘射灯广告灯工程球场路灯草坪泛光灯,10810,,当月上新,1件起购|退货包运费|先采后付,深圳市晟田照明科技有限公司,http://shinylandsz.1688.com,https://cbu01.alicdn.com/img/ibank/O1CN01kEu7fl1mWC1ku5FK9_!!2217764834961-0-cib.jpg_460x460q100.jpg_.webp,灯饰照明 > 室外照明灯具 > 投光灯,-,100以内,46%,2026-06-05（21天）,,3年,,
%CD%B6%B9%E2%B5%C6_page23,LED70w泛光灯博览会场馆展览展示灯展位桁架标摊支架投光灯三色,35,,,退货包运费|先采后付|回头率49%,中山市展之亮照明有限公司,http://shop47348627k1691.1688.com?tracelog=p4p,https://cbu01.alicdn.com/img/ibank/O1CN01lVBisw28wgO8rblG4_!!2218488887997-0-cib.jpg_460x460q100.jpg_.webp,灯饰照明 > 室外照明灯具 > 泛光灯,20件（2笔）,100以内,100%,2024-08-20（675天）,,2年,49%,
%CD%B6%B9%E2%B5%C6_page23,太阳能充电手提灯 便携式露营灯可充电USB功能太阳能投光灯批发,50,,,1件起购|退货包运费|先采后付,中山市朗煦照明厂,http://shop947xt27097722.1688.com,https://cbu01.alicdn.com/img/ibank/O1CN01FVtRrh1KMIDK4GnCL_!!2222116491149-0-cib.jpg_460x460q100.jpg_.webp,灯饰照明 > 室外照明灯具 > 投光灯,-,100以内,97%,2026-04-15（72天）,,1年,,
%CD%B6%B9%E2%B5%C6_page23,跨境pir人体红外感应可调光调色户外防水人感投光灯户外投光灯,49.520,,近90天低价,1件起购|退货包运费|先采后付,东莞市思铭盛科技有限公司,http://shop369fr528774c7.1688.com,https://cbu01.alicdn.com/img/ibank/O1CN01zUWsgk1kCq2C4gjZs_!!2221416874648-0-cib.jpg_460x460q100.jpg_.webp,灯饰照明 > 室外照明灯具 > 投光灯,17件（11笔）,100以内,96%,2026-01-29（148天）,,1年,,
%CD%B6%B9%E2%B5%C6_page23,跨境 厂家12V投光灯LED泛光灯 工地用220V led碘钨灯,10.712400,,,1件起购|退货包运费|后天达,中山市鑫科达照明有限公司,http://xinkdled.1688.com,https://cbu01.alicdn.com/img/ibank/13482862507_141316357.jpg_460x460q100.jpg_.webp,灯饰照明 > 室外照明灯具 > 投光灯,2491件（144笔）,100以内,96%,2020-02-27（2311天）,,7年,,
%CD%B6%B9%E2%B5%C6_page23,跨境新款太阳能投光灯户外照明农村庭院街道爆亮玻璃爆款太阳能灯,55.530,,,1件起购|退货包运费|先采后付,中山市鑫星亮照明有限公司,http://shop27mr873r26470.1688.com,https://cbu01.alicdn.com/img/ibank/O1CN016TKSfN1VNAkPVlR0k_!!2220492112640-0-cib.jpg_460x460q100.jpg_.webp,灯饰照明 > 室外照明灯具 > 太阳能灯,32件（13笔）,100以内,100%,2026-04-14（73天）,,1年,,
%CD%B6%B9%E2%B5%C6_page23,5054投光灯批发园林景观亮化工程照树灯户外防水黑金刚led投光灯,11.8100,,商机组货：大面积户外照明灯,1件起购|退货包运费|先采后付,中山市谷里照明电器有限公司,http://shop57j2858572822.1688.com,https://cbu01.alicdn.com/img/ibank/O1CN01zsFOKq2DFEuE3qCZQ_!!2218298658579-0-cib.jpg_460x460q100.jpg_.webp,灯饰照明 > 室外照明灯具 > 投光灯,108件（41笔）,100以内,99%,2025-05-20（402天）,,2年,,
%CD%B6%B9%E2%B5%C6_page24,led塔吊灯1000W广场码头投光灯1500W户外防水工地照明1200w投射灯,22070,,,1件起购|退货包运费|先采后付,江门市华启照明科技有限公司,http://18029669565.1688.com,https://cbu01.alicdn.com/img/ibank/O1CN01RVqxlu2FMgTqK5KtA_!!2217681628866-0-cib.jpg_460x460q100.jpg_.webp,灯饰照明 > 室外照明灯具 > 投光灯,68件（41笔）,100以内,100%,2024-05-29（758天）,,3年,,
%CD%B6%B9%E2%B5%C6_page24,爱尔led投光灯50W100W户外防水防雷击工厂房路灯室外超亮超薄射灯,25.550,,,1件起购|退货包运费|明天达,杜晋,http://GY95599.1688.com,https://cbu01.alicdn.com/img/ibank/O1CN018n74w82Lsdnj8RD9k_!!952779748-0-cib.jpg_460x460q100.jpg_.webp,灯饰照明 > 室外照明灯具 > 泛光灯,46件（7笔）,100以内,100%,2024-04-25（792天）,,16年,,
%CD%B6%B9%E2%B5%C6_page24,批发LED隧道灯投光灯200W高亮大功率线条灯户外防水大仓库照明灯,130.570,,,1件起购|退货包运费|明天达,徐州大虎冷暖设备有限公司,http://xuzhoudahu.1688.com,https://cbu01.alicdn.com/img/ibank/O1CN0140M4tE2A68CBUQfZB_!!2219956718153-0-cib.jpg_460x460q100.jpg_.webp,灯饰照明 > 室外照明灯具 > 投光灯,71件（22笔）,100以内,100%,2025-07-07（354天）,,2年,,
%CD%B6%B9%E2%B5%C6_page25,跨境新款led蚂蚁投光灯射灯 室外防水超亮招牌庭院工地照明泛光灯,13600,,,1件起购|退货包运费|先采后付,中山市赢烽照明有限公司,http://shop1363798609816.1688.com?tracelog=p4p,https://cbu01.alicdn.com/img/ibank/O1CN01ioAxTi2399WtpqKFG_!!1109737212-0-cib.jpg_460x460q100.jpg_.webp,灯饰照明 > 室外照明灯具 > 投光灯,669件（60笔）,100以内,90%,2024-11-03（600天）,,7年,,
%CD%B6%B9%E2%B5%C6_page25,led投光灯户外防水射灯仓库/工地/工业照明灯 高流明足瓦球场灯,6560,,元宝可抵1%,1件起购|退货包运费|先采后付,中山市卓程照明有限公司,http://zhuochengled.1688.com?tracelog=p4p,https://cbu01.alicdn.com/img/ibank/O1CN01zEJEvH1Cq2zQHjNZf_!!2732450131-0-cib.jpg_460x460q100.jpg_.webp,灯饰照明 > 室外照明灯具 > 投光灯,61件（12笔）,100以内,78%,2025-11-17（221天）,,11年,,
%CD%B6%B9%E2%B5%C6_page25,led投光灯200w户外防水泛光灯球场广场高杆投射灯工程场地照明灯,70,,元宝可抵1%｜近64天低价,1件起购|退货包运费|先采后付,深圳市龙岗区佳好亮照明灯饰厂,http://shop1442854188114.1688.com?tracelog=p4p,https://cbu01.alicdn.com/img/ibank/O1CN01abZIQw1nonSwwrZD6_!!2645605137-0-cib.jpg_460x460q100.jpg_.webp,灯饰照明 > 室外照明灯具 > 投光灯,265件（36笔）,100以内,84%,2017-06-09（3304天）,,11年,,
%CD%B6%B9%E2%B5%C6_page26,led碘钨灯台湾电压户外工地防水设计投光灯宽压85-265V通用电压,57200,,,1件起购|退货包运费|先采后付,中山市先诚灯饰厂,http://shop341n56ai99957.1688.com,https://cbu01.alicdn.com/img/ibank/O1CN019dsfJ51Wz0s0ONwiX_!!2217200482858-0-cib.jpg_460x460q100.jpg_.webp,灯饰照明 > 室外照明灯具 > 投光灯,7557件（605笔）,100以内,100%,2024-01-04（904天）,,3年,,
%CD%B6%B9%E2%B5%C6_page26,跨境高亮led投光灯户外照明灯公园广场球场防水高杆篮球场投光灯,66500,,,1件起购|退货包运费|先采后付,中山市振亚照明有限公司,http://zhenyazm.1688.com,https://cbu01.alicdn.com/img/ibank/O1CN01zEtnNZ26uH9fTaGIz_!!2214285817721-0-cib.jpg_460x460q100.jpg_.webp,灯饰照明 > 室外照明灯具 > 投光灯,507件（45笔）,100以内,85%,2025-09-18（281天）,,4年,,
%CD%B6%B9%E2%B5%C6_page26,跨境太阳能投光灯户外太阳能路灯光伏家用庭院灯新农村led太阳能,46.99,,功能上新 光控智能自动亮,1件起购|退货包运费|先采后付,中山市千鼎盛世照明有限公司,http://shop03y2354327389.1688.com,https://cbu01.alicdn.com/img/ibank/O1CN01ioxeeK1ilWpETSXHv_!!2222243304453-0-cib.jpg_460x460q100.jpg_.webp,灯饰照明 > 室外照明灯具 > 太阳能灯,-,100以内,100%,2026-06-02（24天）,,1年,,
%CD%B6%B9%E2%B5%C6_page26,新款满天星太阳能投光灯led光控防水路灯定时照明户外庭院灯跨境,18,,元宝可抵1%｜商机组货：大面积户外照明灯,1件起购|退货包运费|先采后付,中山市星承照明有限公司,http://shop669o321144f05.1688.com,https://cbu01.alicdn.com/img/ibank/O1CN011HoYoT1j20wlUmpRR_!!2218846094489-0-cib.jpg_460x460q100.jpg_.webp,灯饰照明 > 室外照明灯具 > 太阳能灯,290件（42笔）,100以内,85%,2024-11-06（597天）,,2年,,
%CD%B6%B9%E2%B5%C6_page26,移动便携式led投光灯工地加班抢修工作灯含电缆支架款场地照明灯,78,,,1件起购|退货包运费|先采后付,常州希本光语照明科技有限公司,http://shop32s774v576990.1688.com,https://cbu01.alicdn.com/img/ibank/O1CN01ShKfMv2Iuz8Whu2Ls_!!2212485539347-0-cib.jpg_460x460q100.jpg_.webp,灯饰照明 > 室外照明灯具 > 投光灯,574件（265笔）,100以内,99%,2023-08-03（1058天）,,5年,,
%CD%B6%B9%E2%B5%C6_page26,Solar light户外照明灯庭院灯太阳能投光灯感应灯路灯太阳能灯,11.848500,,元宝可抵1%｜近90天低价,1件起购|退货包运费|先采后付,中山市森翰照明有限公司,http://shop9z181f67f5169.1688.com,https://cbu01.alicdn.com/img/ibank/O1CN01cdZm1Q1STdTy6ccyv_!!2219562722248-0-cib.jpg_460x460q100.jpg_.webp,灯饰照明 > 室外照明灯具 > 太阳能灯,8038件（59笔）,100以内,87%,2026-03-08（110天）,,2年,,
%CD%B6%B9%E2%B5%C6_page26,承嘉 500瓦太阳能卧室吸顶灯庭院灯跨境投光灯新农村路灯工厂直销,22100,,,1件起购|退货包运费|先采后付,中山市承佳照明有限公司,http://shop161x2135n0228.1688.com,https://cbu01.alicdn.com/img/ibank/O1CN01rQbdeu1zidQOMrWnT_!!2210866926748-0-cib.jpg_460x460q100.jpg_.webp,灯饰照明 > 室外照明灯具 > 太阳能灯,149件（26笔）,100以内,97%,2022-08-27（1399天）,,6年,,
%CD%B6%B9%E2%B5%C6_page26,亚标照明LED大功率投光灯防水室外照明灯户外射灯强光防水广场,55800,,户外防水照明灯榜第9名,1件起购|退货包运费|先采后付,常州市东哈照明电器有限公司,http://shop9ym5781866x10.1688.com,https://cbu01.alicdn.com/img/ibank/O1CN01wgA4w929qYj4wGLrH_!!2211373148119-0-cib.jpg_460x460q100.jpg_.webp,灯饰照明 > 室外照明灯具 > 投光灯,742件（220笔）,100以内,100%,2025-06-27（364天）,,6年,,
%CD%B6%B9%E2%B5%C6_page26,亚明led投光灯纳米超亮工地照明厂房大功率射灯户外防泛光灯强光,391000,,"9人评价""价格很便宜""",1件起购|退货包运费|先采后付,常州冠尚照明有限公司,http://shop9j02d455f9521.1688.com,https://cbu01.alicdn.com/img/ibank/O1CN01Iw3HwV1fSLGnykJFg_!!2219095624005-0-cib.jpg_460x460q100.jpg_.webp,灯饰照明 > 室外照明灯具 > 投光灯,1475件（39笔）,100以内,90%,2025-01-05（537天）,,2年,,
%CD%B6%B9%E2%B5%C6_page26,太阳能灯家用户外庭院灯室内外照明灯防水太阳能投光灯充电源头,66.1920,,元宝可抵1%,退货包运费|先采后付|回头率65%,中山市沐岚照明有限公司,http://shop382j023w69926.1688.com,https://cbu01.alicdn.com/img/ibank/O1CN01YrY0Pp1MHNBRq0K2h_!!2216795341409-0-cib.jpg_460x460q100.jpg_.webp,灯饰照明 > 室外照明灯具 > 太阳能灯,22件（11笔）,100以内,96%,2026-03-17（101天）,,3年,65%,
%CD%B6%B9%E2%B5%C6_page26,厂家直供LED防水照树灯户外插地投光灯公园草坪射灯园林景观灯,16,,近90天低价｜投光灯榜第7名,1件起购|退货包运费|先采后付,中山市创钰照明有限公司,http://shop35d41925d9357.1688.com,https://cbu01.alicdn.com/img/ibank/O1CN01s8WmFa1MXrSP28eAz_!!2209438221445-0-cib.jpg_460x460q100.jpg_.webp,灯饰照明 > 室外照明灯具 > 投光灯,11261件（176笔）,100以内,93%,2020-10-24（2071天）,,6年,,
%CD%B6%B9%E2%B5%C6_page26,跨境超亮太阳能投光灯户外家用庭院灯大功率led农村院子太阳能灯,145,,功能上新 5瓦大功率亮照,1件起购|退货包运费|先采后付,中山市硕盟照明有限公司,http://shop4603r116iw564.1688.com,https://cbu01.alicdn.com/img/ibank/O1CN01kXJwfp1QOwCqf8Rk2_!!2222456991967-0-cib.jpg_460x460q100.jpg_.webp,灯饰照明 > 室外照明灯具 > 太阳能灯,-,100以内,95%,2026-06-04（22天）,,1年,,
%CD%B6%B9%E2%B5%C6_page26,户外led投光灯大功率超亮球场灯工地厂房广告牌射灯庭院led照明灯,39.36,,元宝可抵5%,1件起购|退货包运费|先采后付,临沂正能光电科技有限公司,http://shop9t08531u0o511.1688.com,https://cbu01.alicdn.com/img/ibank/O1CN01mwnFc41NoB9XcgdVh_!!2220543281616-0-cib.jpg_460x460q100.jpg_.webp,灯饰照明 > 室外照明灯具 > 投光灯,197件（10笔）,100以内,97%,2025-12-16（192天）,,1年,,
%CD%B6%B9%E2%B5%C6_page26,一束光聚光投射灯led防水投光灯墙壁酒店外墙亮化强光远射光柱灯,16040,,,1件起购|退货包运费|先采后付,中山市亚岛照明科技有限公司,http://shop933727199d5z8.1688.com,https://cbu01.alicdn.com/img/ibank/O1CN01TQTiQT1CdgBxY9NOv_!!2214387790104-0-cib.jpg_460x460q100.jpg_.webp,灯饰照明 > 室外照明灯具 > 投光灯,44件（29笔）,100以内,91%,2024-10-20（614天）,,4年,,
%CD%B6%B9%E2%B5%C6_page26,led塔吊灯工地照明灯1000瓦户外防水球场探照灯2000w超亮投光大灯,99.75,,,1件起购|退货包运费|先采后付,临沂布洛克光电科技有限公司,http://shop70585lc914111.1688.com,https://cbu01.alicdn.com/img/ibank/O1CN01XK1DOu1yHKY5b8ss0_!!2220373906553-0-cib.jpg_460x460q100.jpg_.webp,灯饰照明 > 室外照明灯具 > 投光灯,9件（3笔）,100以内,97%,2026-03-30（88天）,,1年,,
%CD%B6%B9%E2%B5%C6_page26,中山太阳能灯投光灯户外庭院灯5米延长线加长防雨防雷工程连接线,4.62,,元宝可抵1%｜全网低价｜比下游同款低58%,1件起购|退货包运费|先采后付,中山市倍耐亮照明有限公司,http://shop01v8i742814v0.1688.com,https://cbu01.alicdn.com/img/ibank/O1CN01VYHzTP1eVG8zDztq2_!!2206633333876-0-cib.jpg_460x460q100.jpg_.webp,灯饰照明 > 室外照明灯具 > 太阳能灯,3869件（62笔）,100以内,100%,2019-11-24（2406天）,,6年,,
%CD%B6%B9%E2%B5%C6_page26,LED彩虹照树灯户外防水彩色投光灯室外花园绿化园林景观七彩射灯,115200,,,1件起购|退货包运费|先采后付,中山市亚岛照明科技有限公司,http://shop933727199d5z8.1688.com,https://cbu01.alicdn.com/img/ibank/O1CN01G3mcy21Cdg6JZ0Ooo_!!2214387790104-0-cib.jpg_460x460q100.jpg_.webp,灯饰照明 > 室外照明灯具 > 投光灯,251件（92笔）,100以内,91%,2023-12-19（920天）,,4年,,
%CD%B6%B9%E2%B5%C6_page26,亚明led充电投光灯室外应急工地停电照明露营摆地摊移动led射灯,5330,,,1件起购|退货包运费|先采后付,佛山妙普照明有限公司,http://shop0j649322941p9.1688.com,https://cbu01.alicdn.com/img/ibank/O1CN01cLXdgp2Id7hJYYlnV_!!2219120199308-0-cib.jpg_460x460q100.jpg_.webp,灯饰照明 > 室外照明灯具 > 投光灯,31件（16笔）,100以内,98%,2025-01-02（540天）,,2年,,
%CD%B6%B9%E2%B5%C6_page26,新款超亮太阳能投光灯户外家用庭院灯大功率led农村院子照明路灯,521700,,近8天低价,1件起购|退货包运费|先采后付,中山市爱川照明有限公司,http://shop34402129l5c61.1688.com,https://cbu01.alicdn.com/img/ibank/O1CN01WRj7fL1kaedZPge3j_!!6000000004700-0-cib.jpg_460x460q100.jpg_.webp,灯饰照明 > 室外照明灯具 > 太阳能灯,1333件（36笔）,100以内,98%,2026-03-16（102天）,,1年,,
%CD%B6%B9%E2%B5%C6_page26,顺冠led投光灯户外防水泛光灯广告射灯庭院灯业房灯球场照明灯,48,,近86天低价,1件起购|退货包运费|回头率36%,临沂市兰山区佳睿灯具厂,http://shop90309593u4542.1688.com,https://cbu01.alicdn.com/img/ibank/O1CN01ZSsK3j2Ao6FqwQ71t_!!2221150768249-0-cib.jpg_460x460q100.jpg_.webp,灯饰照明 > 室外照明灯具 > 投光灯,12件（8笔）,100以内,100%,2025-12-02（206天）,,1年,36%,
%CD%B6%B9%E2%B5%C6_page26,亚明led广告牌投光灯户外支架招牌店铺门面照明商用门头投射灯50W,28300,,,1件起购|退货包运费|先采后付,佛山市妙阳电子商务有限公司,http://shop84761583z9j15.1688.com,https://cbu01.alicdn.com/img/ibank/O1CN01AGTXuQ1lPUazNvFcd_!!2217049294811-0-cib.jpg_460x460q100.jpg_.webp,灯饰照明 > 室外照明灯具 > 投光灯,140件（13笔）,100以内,99%,2025-03-26（457天）,,3年,,
%CD%B6%B9%E2%B5%C6_page26,太阳能手提灯充电投光灯便携式超亮户外露营灯家用移动应急照明灯,9.98,,当季上新,1件起购|退货包运费|先采后付,广州市美沃格科技有限公司,http://shop62113h006j054.1688.com,https://cbu01.alicdn.com/img/ibank/O1CN01f1G2MJ1CavxPb1clh_!!2219139350098-0-cib.jpg_460x460q100.jpg_.webp,灯饰照明 > 室外照明灯具 > 太阳能灯,-,100以内,82%,2026-05-25（32天）,,2年,,
%CD%B6%B9%E2%B5%C6_page26,led投光灯500W200W户外公园广场投射灯圆形防水灯塔塔吊投光灯,22050,,,1件起购|退货包运费|先采后付,江门市华启照明科技有限公司,http://18029669565.1688.com,https://cbu01.alicdn.com/img/ibank/O1CN016Hfge92FMgSn7OfHy_!!2217681628866-0-cib.jpg_460x460q100.jpg_.webp,灯饰照明 > 室外照明灯具 > 投光灯,44件（37笔）,100以内,100%,2024-05-28（759天）,,3年,,
%CD%B6%B9%E2%B5%C6_page26,亚明led投光灯户外超亮工程厂房强光防水射灯室外庭院照明灯,6830,,,1件起购|退货包运费|先采后付,佛山市妙阳电子商务有限公司,http://shop84761583z9j15.1688.com,https://cbu01.alicdn.com/img/ibank/O1CN01ieUknl1lPUaxsDJ09_!!2217049294811-0-cib.jpg_460x460q100.jpg_.webp,灯饰照明 > 室外照明灯具 > 投光灯,25件（18笔）,100以内,99%,2023-12-19（920天）,,3年,,
%CD%B6%B9%E2%B5%C6_page26,太阳能灯太阳能照明灯太阳能投光灯太阳能户外庭院灯太阳能路灯,201400,,分享再减10元｜商机组货：大面积户外照明灯,1件起购|退货包运费|回头率57%,惠州市德普光电科技有限公司,http://shop39r835210v695.1688.com,https://cbu01.alicdn.com/img/ibank/O1CN01fEz8Ff1EzKDrys2LB_!!2206563420422-0-cib.jpg_460x460q100.jpg_.webp,灯饰照明 > 室外照明灯具 > 太阳能灯,1397件（152笔）,100以内,80%,2025-08-18（312天）,,7年,57%,
%CD%B6%B9%E2%B5%C6_page26,led方形投光灯建筑外墙投射灯防水聚光洗墙射灯一束光聚光灯,1860,,,1件起购|退货包运费|先采后付,中山市创钰照明有限公司,http://shop35d41925d9357.1688.com,https://cbu01.alicdn.com/img/ibank/O1CN01MuVe6X1MXrRnGaAbF_!!2209438221445-0-cib.jpg_460x460q100.jpg_.webp,灯饰照明 > 室外照明灯具 > 投光灯,50件（7笔）,100以内,93%,2026-04-13（74天）,,6年,,
%CD%B6%B9%E2%B5%C6_page26,led蚂蚁款投光灯夜市户外防水节能强光高亮度照明灯探照灯,29.810,,,1件起购|退货包运费|先采后付,金牛区叶氏光屿商贸部,http://shop3942178138d42.1688.com,https://cbu01.alicdn.com/img/ibank/O1CN01cHtw6o1P6KOpOpKIW_!!2219587871791-0-cib.jpg_460x460q100.jpg_.webp,灯饰照明 > 室外照明灯具 > 投光灯,19件（10笔）,100以内,100%,2025-04-01（451天）,,2年,,
%CD%B6%B9%E2%B5%C6_page26,亚明充电移动便捷led投光灯户外防水工地停电照明摆地摊应急露营,110,,,1件起购|退货包运费|先采后付,佛山市伍羊照明有限公司,http://shop8u5k785017lc4.1688.com,https://cbu01.alicdn.com/img/ibank/O1CN0122JcO61plFocI6BkR_!!2217707045400-0-cib.jpg_460x460q100.jpg_.webp,灯饰照明 > 室外照明灯具 > 投光灯,58件（8笔）,100以内,97%,2024-04-06（811天）,,3年,,
%CD%B6%B9%E2%B5%C6_page26,led投光灯高亮大功率户外室内外 投射灯 广告工地工程探照泛光灯,28100,,,1件起购|退货包运费|先采后付,中山市富勒照明厂,http://fulezhaoming888.1688.com,https://cbu01.alicdn.com/img/ibank/O1CN01RPBWDC1HXKckRcynk_!!2214650020767-0-cib.jpg_460x460q100.jpg_.webp,灯饰照明 > 室外照明灯具 > 投光灯,140件（77笔）,100以内,100%,2022-09-11（1384天）,,4年,,
%CD%B6%B9%E2%B5%C6_page29,led球场投光灯方形大功率高亮防水户外体育足球篮球场高杆照明灯,543.0,,电压:220-240｜主要销售地区:南美等｜产地:深圳,深度验商|先采后付|近期多人加购,深圳市雷普斯照明电器有限公司,https://leipushi01.1688.com,https://cbu01.alicdn.com/img/ibank/O1CN01a4c63W2E5uKaQMVyG_!!1001248694-0-cib.jpg_460x460q100.jpg_.webp,,,,,,,,,
%CD%B6%B9%E2%B5%C6_page3,亚明led投光灯户外球场照明灯车间厂房防眩射灯超亮广告牌泛光灯,6260,,,1件起购|退货包运费|3天达,佛山市辉荣明照明有限公司,http://shop0587838190ea7.1688.com?tracelog=p4p,https://cbu01.alicdn.com/img/ibank/O1CN01fJOKIA1tgS6bBqzqp_!!2217071905931-0-cib.jpg_460x460q100.jpg_.webp,灯饰照明 > 室外照明灯具 > 投光灯,68件（4笔）,100以内,99%,2024-01-03（905天）,,3年,,
%CD%B6%B9%E2%B5%C6_page3,户外足球场投光灯高杆灯篮球工程模组隧道庭院灯防水泛光灯高亮,133,,,退货包运费|回头率80%,中山志鸣照明科技有限公司,http://shop820b7120552d3.1688.com?tracelog=p4p,https://cbu01.alicdn.com/img/ibank/O1CN01DsQpse1eKGmPleA0q_!!2221335063852-0-cib.jpg_460x460q100.jpg_.webp,灯饰照明 > 室外照明灯具 > 高杆灯,4件（4笔）,100以内,100%,2026-04-16（71天）,,1年,80%,
%CD%B6%B9%E2%B5%C6_page30,跨境苹果投光灯广场公园景区照树泛光灯户外防水防雾投射投光灯,5.58,,,1件起购|退货包运费|先采后付,中山市易居宝电器厂,http://shop124r90981f0a5.1688.com,https://cbu01.alicdn.com/img/ibank/O1CN01q8iZCB1YD2nmls6Zo_!!2219576423024-0-cib.jpg_460x460q100.jpg_.webp,灯饰照明 > 室外照明灯具 > 投光灯,771件（53笔）,100以内,98%,2025-10-23（246天）,,2年,,
%CD%B6%B9%E2%B5%C6_page30,跨境货源高亮户外投光灯室外200W工程照明户外灯户外超亮led投光,5.58100,,,1件起购|退货包运费|先采后付,中山市易居宝电器厂,http://shop124r90981f0a5.1688.com,https://cbu01.alicdn.com/img/ibank/O1CN01d9aZpJ1YD2nlWOuGG_!!2219576423024-0-cib.jpg_460x460q100.jpg_.webp,灯饰照明 > 室外照明灯具 > 投光灯,136件（35笔）,100以内,98%,2025-10-22（247天）,,2年,,
%CD%B6%B9%E2%B5%C6_page30,投光灯*泛光灯户外工程照明MATE60小苹果,18500,,,1件起购|退货包运费|先采后付,佛山市迈辉照明科技有限公司,http://shop85002061352u7.1688.com,https://cbu01.alicdn.com/img/ibank/O1CN01efiAoz1dq2c4r6Y6K_!!2220354723786-0-cib.jpg_460x460q100.jpg_.webp,灯饰照明 > 室外照明灯具 > 投光灯,554件（196笔）,100以内,100%,2025-07-31（330天）,,1年,,
%CD%B6%B9%E2%B5%C6_page30,太阳能户外摆摊夜市灯超亮停电应急灯可充电户外露营太阳能投光灯,11.7,,当季上新,1件起购|退货包运费|先采后付,中山市易居宝电器厂,http://shop124r90981f0a5.1688.com,https://cbu01.alicdn.com/img/ibank/O1CN01Cjgxrh1YD2qV62wQ9_!!2219576423024-0-cib.jpg_460x460q100.jpg_.webp,灯饰照明 > 室外照明灯具 > 投光灯,9件（3笔）,100以内,98%,2026-05-26（31天）,,2年,,
%CD%B6%B9%E2%B5%C6_page30,上海亚明FG55b-LED100W亚牌投光灯泛光灯世纪亚明灯具,18530,,,1件起购|退货包运费|7天无理由,上海亚曙照明电器有限公司,http://zhoutao888ylzm.1688.com,https://cbu01.alicdn.com/img/ibank/O1CN01nG8Ygr1Bs2zU2YWVZ_!!0-0-cib.jpg_460x460q100.jpg_.webp,灯饰照明 > 室外照明灯具 > 投光灯,36件（3笔）,100以内,100%,2020-07-06（2181天）,,15年,,
%CD%B6%B9%E2%B5%C6_page34,led投光灯射灯室外防水强光超亮工地工厂房探照灯户外照明灯,7.91400,,,1件起购|退货包运费|明天达,常州沈防照明科技有限公司,http://shop052u0u3h83841.1688.com?tracelog=p4p,https://cbu01.alicdn.com/img/ibank/O1CN01rmRdLR2HdkZApYi9V_!!2214800479174-0-cib.jpg_460x460q100.jpg_.webp,灯饰照明 > 室外照明灯具 > 投光灯,1410件（195笔）,100以内,97%,2025-05-26（396天）,,4年,,
%CD%B6%B9%E2%B5%C6_page4,亚明led投光灯射灯室外庭院强光照明灯工地工厂房车间户外探照灯,32,,分享再减6元,1件起购|退货包运费|先采后付,钟楼区邹区文滢灯饰经营部,http://shop0291482979881.1688.com?tracelog=p4p,https://cbu01.alicdn.com/img/ibank/O1CN01rA0nUR1Xxvlq0RN4O_!!2215842712991-0-cib.jpg_460x460q100.jpg_.webp,灯饰照明 > 室外照明灯具 > 投光灯,-,100以内,100%,2026-05-03（54天）,,4年,,
%CD%B6%B9%E2%B5%C6_page5,中山户外LED地插灯室外防水照明 公园庭院射树灯景观亮化投光灯,68,,,1件起购|退货包运费|先采后付,中山市龙贵灯饰有限公司,http://shop2609y21068e91.1688.com?tracelog=p4p,https://cbu01.alicdn.com/img/ibank/O1CN01cufO321m4hv9fFWLX_!!2212552444901-0-cib.jpg_460x460q100.jpg_.webp,灯饰照明 > 室外照明灯具 > 投光灯,-,100以内,37%,2022-06-07（1480天）,,5年,,
%CD%B6%B9%E2%B5%C6_page5,户外射灯照树灯防水草坪灯室外庭院景观公园插泥投光灯led插地灯,19.810,,当季上新,1件起购|退货包运费|先采后付,中山市龙贵灯饰有限公司,http://shop2609y21068e91.1688.com?tracelog=p4p,https://cbu01.alicdn.com/img/ibank/O1CN01lY0Jm61m4iFzkHT0B_!!2212552444901-0-cib.jpg_460x460q100.jpg_.webp,灯饰照明 > 室外照明灯具 > 投光灯,12件（4笔）,100以内,37%,2026-05-06（51天）,,5年,,
%CD%B6%B9%E2%B5%C6_page6,户外足球场LED灯篮球场广场投光灯隧道灯大功率照明灯足球竞技款,406,,,退货包运费|回头率80%,中山志鸣照明科技有限公司,http://shop820b7120552d3.1688.com?tracelog=p4p,https://cbu01.alicdn.com/img/ibank/O1CN01D0vuJd1eKGmPmcCF9_!!2221335063852-0-cib.jpg_460x460q100.jpg_.webp,灯饰照明 > 室外照明灯具 > 高杆灯,3件（3笔）,100以内,100%,2026-04-16（71天）,,1年,80%,
%CD%B6%B9%E2%B5%C6_page7,LED聚光灯户外防水墙亮化投光灯防水远射大厦楼体照明聚光远射灯,70,,,退货包运费|先采后付|回头率89%,广东省信德尚照明电器有限公司,http://shop42134357280e2.1688.com?tracelog=p4p,https://cbu01.alicdn.com/img/ibank/O1CN01pLojrx2M7koOC5PPS_!!2215735169781-0-cib.jpg_460x460q100.jpg_.webp,灯饰照明 > 室外照明灯具 > 投光灯,-,100以内,100%,2023-11-11（958天）,,4年,89%,
%CD%B6%B9%E2%B5%C6_page8,亚明户外投光灯室外防水强光LED照明灯超亮工地工厂房车间探照灯,16.79,,分享再减3元,1件起购|退货包运费|先采后付,武进区遥观蓝海照明器材厂,http://czlhjnkj.1688.com?tracelog=p4p,https://cbu01.alicdn.com/img/ibank/O1CN01e3bpgZ2NgOc7bWZ4L_!!990989992-0-cib.jpg_460x460q100.jpg_.webp,灯饰照明 > 室外照明灯具 > 投光灯,4127件（272笔）,100以内,99%,2022-07-28（1429天）,,16年,,
%CD%B6%B9%E2%B5%C6_page8,led商铺射灯防水户外招牌投光灯店铺门面照明灯商用门头灯广告灯,26,,,1件起购|退货包运费|先采后付,中山市格乐照明有限公司,http://shop80c637971ge42.1688.com?tracelog=p4p,https://cbu01.alicdn.com/img/ibank/O1CN01bLTX1K2GbAm9unHWl_!!2215954079033-0-cib.jpg_460x460q100.jpg_.webp,灯饰照明 > 室外照明灯具 > 投光灯,674件（44笔）,100以内,93%,2025-12-23（185天）,,4年,,
%CD%B6%B9%E2%B5%C6_page8,亚明led投光灯工程专用200w超亮户外防水探照灯厂房车间照明射灯,521000,,元宝可抵5%,1件起购|退货包运费|先采后付,三零光电科技(临沂)有限公司,http://shop11071p041l696.1688.com?tracelog=p4p,https://cbu01.alicdn.com/img/ibank/O1CN01ish74O1zD2SMdirCw_!!2217295896679-0-cib.jpg_460x460q100.jpg_.webp,灯饰照明 > 室外照明灯具 > 投光灯,13件（2笔）,100以内,97%,2026-04-07（80天）,,3年,,
%CD%B6%B9%E2%B5%C6_page8,户外防水led小苹果投光灯小区庭院灯广告牌泛光灯工地照明灯,11.6100,,设计上新 90度广角照明,1件起购|退货包运费|先采后付,中山市卓程照明有限公司,http://zhuochengled.1688.com?tracelog=p4p,https://cbu01.alicdn.com/img/ibank/O1CN01Vmu3Av1Cq322iamxS_!!2732450131-0-cib.jpg_460x460q100.jpg_.webp,灯饰照明 > 室外照明灯具 > 投光灯,-,100以内,78%,2026-06-16（10天）,,11年,,
%CD%B6%B9%E2%B5%C6_page8,5054压铸铝壳太阳能户外投光灯室外花园天黑自动亮感应LED庭院灯,12540,,比同款低18元｜比平台50%同款低,1件起购|退货包运费|先采后付,中山市虹海灯饰厂,http://shop48876175aae55.1688.com?tracelog=p4p,https://cbu01.alicdn.com/img/ibank/O1CN013JznTo2FfvDUKO6nB_!!2213956338908-0-cib.jpg_460x460q100.jpg_.webp,灯饰照明 > 室外照明灯具 > 太阳能灯,24件（16笔）,100以内,57%,2025-06-09（382天）,,5年,,
%CD%B6%B9%E2%B5%C6_page8,亚明招牌射灯户外防水广告牌投光灯100W支架门头广告商用探照明灯,29100,,分享再减10元,退货包运费|先采后付|回头率30%,广州格乐灯具有限公司,http://shanghaiyaming.1688.com?tracelog=p4p,https://cbu01.alicdn.com/img/ibank/O1CN01b7H17f1GgCwYncCsA_!!2207323290651-0-cib.jpg_460x460q100.jpg_.webp,灯饰照明 > 室外照明灯具 > 投光灯,113件（27笔）,100以内,82%,2023-10-24（976天）,,7年,30%,
%CD%B6%B9%E2%B5%C6_page8,led投光灯220V户外防水工厂庭院室外照明工地厂房强光泛光灯批发,41.96,,元宝可抵2%,1件起购|退货包运费|先采后付,中山市超酷照明有限公司,http://shop858874u2d3599.1688.com?tracelog=p4p,https://cbu01.alicdn.com/img/ibank/O1CN014f81rU1EtpWIphrqj_!!2213924970410-0-cib.jpg_460x460q100.jpg_.webp,灯饰照明 > 室外照明灯具 > 投光灯,2件（1笔）,100以内,99%,2026-04-09（78天）,,5年,,
%CD%B6%B9%E2%B5%C6_page8,跨境小苹果投光灯防水户外灯LED泛光灯100W室外灯强光IP66防护,29.73,,,1件起购|退货包运费|先采后付,中山市赢烽照明有限公司,http://shop1363798609816.1688.com?tracelog=p4p,https://cbu01.alicdn.com/img/ibank/O1CN01HKbVvD2399Wr8b0E4_!!1109737212-0-cib.jpg_460x460q100.jpg_.webp,灯饰照明 > 室外照明灯具 > 投光灯,30073件（177笔）,100以内,90%,2022-04-23（1525天）,,7年,,
%CD%B6%B9%E2%B5%C6_page8,LED投光灯可移动插电夜市摆摊照明灯工程工地庭院50W探照灯带电线,92,,,1件起购|退货包运费|先采后付,中山市格乐照明有限公司,http://shop80c637971ge42.1688.com?tracelog=p4p,https://cbu01.alicdn.com/img/ibank/O1CN01ZamFK62GbAmAAKnps_!!2215954079033-0-cib.jpg_460x460q100.jpg_.webp,灯饰照明 > 室外照明灯具 > 投光灯,21件（13笔）,100以内,93%,2025-12-23（185天）,,4年,,
%CD%B6%B9%E2%B5%C6_page8,工厂批发投光灯户外防水建筑外墙一束光高亮聚光工程款led投光灯,105,,,退货包运费|先采后付|回头率89%,广东省信德尚照明电器有限公司,http://shop42134357280e2.1688.com?tracelog=p4p,https://cbu01.alicdn.com/img/ibank/O1CN01giZ14c2M7ksbGudnC_!!2215735169781-0-cib.jpg_460x460q100.jpg_.webp,灯饰照明 > 室外照明灯具 > 投光灯,-,100以内,100%,2024-05-30（757天）,,4年,89%,
%CD%B6%B9%E2%B5%C6_page8,太阳能灯家用跨境户外庭院灯光伏路灯led大功率投光灯超亮防水,13,,,1件起购|退货包运费|先采后付,中山市尚韬灯饰有限公司,http://shop7130ui4650s96.1688.com?tracelog=p4p,https://cbu01.alicdn.com/img/ibank/O1CN01uPBcHM1EqABgo73Ms_!!2208136880402-0-cib.jpg_460x460q100.jpg_.webp,灯饰照明 > 室外照明灯具 > 太阳能灯,31434件（1127笔）,100以内,91%,2023-11-04（965天）,,7年,,
%CD%B6%B9%E2%B5%C6_page8,FSL佛山照明LED户外照明灯室外仓库工地强光超亮探照防水泛投光灯,721.3,,"7人评价""服务不错""",1件起购|退货包运费|先采后付,佛山电器照明股份有限公司,http://fszmfsl.1688.com,https://cbu01.alicdn.com/img/ibank/O1CN01pAc6LY2MbWoPwDhlN_!!2257069846-0-cib.jpg_460x460q100.jpg_.webp,灯饰照明 > 室外照明灯具 > 投光灯,14235件（964笔）,100以内,99%,2024-05-08（779天）,,12年,,佛山照明
